submissionid,submissiondatetime,deviceid,username,Project_Name,Other_Project_Name,Job_Start_Time,What_region_,Central_Coast_Stations,South_Coast_Mainland_Stations,Haida_Gwaii_Stations,Vancouver_Island_Stations,Russell_Creek_Substation,Calvert_Watershed_Name,Other_Station_Identifier,Other_Station_Name,User,What_jobs_are_being_completed_.Snow_Course,What_jobs_are_being_completed_.Drone_Survey,What_jobs_are_being_completed_.CF,What_jobs_are_being_completed_.Sensor_Change,What_jobs_are_being_completed_.Precip_Gage,What_jobs_are_being_completed_.Lys_Calibration,What_jobs_are_being_completed_.Tipping_Bucket_Calibration,What_jobs_are_being_completed_.Data_Download,What_jobs_are_being_completed_.General_Maintenance,Snow_Course.Whats_the_weather_like_,Snow_Course.SR50_Depth_,Snow_Course.Start_Time,Snow_Course.Tare_Weight__g_,Snow_Course.Add_Snow_Core.Snow_Core__,Snow_Course.Add_Snow_Core.Snow_Core__:timestamp,Snow_Course.Add_Snow_Core.Depth__cm_,Snow_Course.Add_Snow_Core.Core__cm_,Snow_Course.Add_Snow_Core.Plug__cm_,Snow_Course.Add_Snow_Core.Mass___Tube__g_,Snow_Course.Add_Snow_Core.Mass_Final__g_,Snow_Course.Add_Snow_Core.Core_Rating,Snow_Course.Add_Snow_Core.Retrieval____,Snow_Course.Add_Snow_Core.SWE,Snow_Course.Add_Snow_Core.Density,Snow_Course.Add_Snow_Core.Core_Notes,Snow_Course.End_Time,Snow_Course.Total_Time,Snow_Course.Snow_Course_Notes,Snow_Course.Add_Image.Photo,Snow_Course.Add_Image.Photo_Notes,CF_Test.CF_Test_Name,CF_Test.What_is_the_primary_dilution_ratio_of_salt_,CF_Test.How_many_sensors,CF_Test.Sensor_1_Type___Serial__,CF_Test.Sensor_2_Type___Serial__,CF_Test.Sensor_3_Type___Serial__,CF_Test.Sensor_4_Type___Serial__,CF_Test.CF_Test_Table_Entry.Aliquot__,CF_Test.CF_Test_Table_Entry.Sensor_1_Conductivity__uS_cm_,CF_Test.CF_Test_Table_Entry.Sensor_1_Temperature,CF_Test.CF_Test_Table_Entry.Sensor_2_Conductivity__uS_cm_,CF_Test.CF_Test_Table_Entry.Sensor_2_Temperature,CF_Test.CF_Test_Table_Entry.Sensor_3_Conductivity__uS_cm_,CF_Test.CF_Test_Table_Entry.Sensor_3_Temperature,CF_Test.CF_Test_Table_Entry.Sensor_4_Conductivity__uS_cm_,CF_Test.CF_Test_Table_Entry.Sensor_4_Temperature,CF_Test.CF_Test_Table_Entry.Average_Temperature__Sensor_1__Sensor_2__Sensor_3__Sensor_4_,CF_Test.Notes_,Sensor_Change.Type_of_Sensor,Sensor_Change.Why_is_the_sensor_being_changed,Sensor_Change.Serial___of_old,Sensor_Change.Serial___of_new,Sensor_Change.Additional_Notes,Precip_Gage.Start_Level__cm_,Precip_Gage.End_Level__cm_,Precip_Gage.Volume_Added__L_,Precip_Gage.Ratio_of_Ethanol_to_Anti_freeze,Precip_Gage.Baby_Oil_Added_,Precip_Gage.Notes_,Lys_Calibration.Volume_Added,Lys_Calibration.Tips_Counted,Lys_Calibration.Notes_,Tipping_Bucket_Calibration.Start_Time_1,Tipping_Bucket_Calibration.Start_Time_2,Tipping_Bucket_Calibration.Notes_,Data_Download.What_is_the_logger_type_,Data_Download.Where_is_the_data_stored_,Data_Download.Notes_,Drone_Survey.Drone_Name,Drone_Survey.Pilot,Drone_Survey.Spotter,Drone_Survey.Data_Collection,Drone_Survey.Data_Collection__Other_,Drone_Survey.General_Wx_Notes,Drone_Survey.Grid_Type,Drone_Survey.Flight_Elevation,Drone_Survey.Camera_Angle,Drone_Survey.Front_Overlap,Drone_Survey.Side_Overlap,Drone_Survey.Drone_Speed,Drone_Survey.Batteries,Drone_Survey.Start_Time,Drone_Survey.End_Time,Drone_Survey.Total_Time,Drone_Survey.Add_Photo.Add_Image,Drone_Survey.Add_Photo.Photo_Notes,Add_Image.Photo,Add_Image.Photo_Notes,Add_Drawing.Draw_Here,Add_Drawing.Drawing_Notes,General_Notes,Job_End_Time
56355280,2021-04-06 20:44:17 -07:00,iPad_186771EF-CF83-474C-B7BE-2AC725137EB9,CHRL - Travis Rice,Russell Creek,,2021-04-06 20:37:00,,,,,,Steph 3,,,,Td kyle,yes,,,,,,,,,Light rain,141,20:39:00,0,1,2021-04-06 20:39:30,134,101,0,490,490,4,75.37,35.363,0.264,,,,,,,,,,,,,,,,,,,,,,,,,,,,,,,,,,,,,,,,,,,,,,,,,,,,,,,,,,,,,,,,,,,,20:44:00
56355280,2021-04-06 20:44:17 -07:00,iPad_186771EF-CF83-474C-B7BE-2AC725137EB9,CHRL - Travis Rice,Russell Creek,,2021-04-06 20:37:00,,,,,,Steph 3,,,,Td kyle,yes,,,,,,,,,Light rain,141,20:39:00,0,2,2021-04-06 20:40:24,136,109,0,610,610,4,80.15,44.024,0.324,,,,,,,,,,,,,,,,,,,,,,,,,,,,,,,,,,,,,,,,,,,,,,,,,,,,,,,,,,,,,,,,,,,,20:44:00
56355280,2021-04-06 20:44:17 -07:00,iPad_186771EF-CF83-474C-B7BE-2AC725137EB9,CHRL - Travis Rice,Russell Creek,,2021-04-06 20:37:00,,,,,,Steph 3,,,,Td kyle,yes,,,,,,,,,Light rain,141,20:39:00,0,3,2021-04-06 20:40:48,142,128,0,640,640,4,90.14,46.189,0.325,,,,,,,,,,,,,,,,,,,,,,,,,,,,,,,,,,,,,,,,,,,,,,,,,,,,,,,,,,,,,,,,,,,,20:44:00
56355280,2021-04-06 20:44:17 -07:00,iPad_186771EF-CF83-474C-B7BE-2AC725137EB9,CHRL - Travis Rice,Russell Creek,,2021-04-06 20:37:00,,,,,,Steph 3,,,,Td kyle,yes,,,,,,,,,Light rain,141,20:39:00,0,4,2021-04-06 20:41:16,141,128,0,640,640,4,90.78,46.189,0.328,,,,,,,,,,,,,,,,,,,,,,,,,,,,,,,,,,,,,,,,,,,,,,,,,,,,,,,,,,,,,,,,,,,,20:44:00
56355280,2021-04-06 20:44:17 -07:00,iPad_186771EF-CF83-474C-B7BE-2AC725137EB9,CHRL - Travis Rice,Russell Creek,,2021-04-06 20:37:00,,,,,,Steph 3,,,,Td kyle,yes,,,,,,,,,Light rain,141,20:39:00,0,5,2021-04-06 20:41:37,146,138,0,690,690,4,94.52,49.797,0.341,,,,,,,,,,,,,,,,,,,,,,,,,,,,,,,,,,,,,,,,,,,,,,,,,,,,,,,,,,,,,,,,,,,,20:44:00
56355280,2021-04-06 20:44:17 -07:00,iPad_186771EF-CF83-474C-B7BE-2AC725137EB9,CHRL - Travis Rice,Russell Creek,,2021-04-06 20:37:00,,,,,,Steph 3,,,,Td kyle,yes,,,,,,,,,Light rain,141,20:39:00,0,6,2021-04-06 20:42:10,152,133,0,720,720,4,87.5,51.962,0.342,,,,,,,,,,,,,,,,,,,,,,,,,,,,,,,,,,,,,,,,,,,,,,,,,,,,,,,,,,,,,,,,,,,,20:44:00
56355280,2021-04-06 20:44:17 -07:00,iPad_186771EF-CF83-474C-B7BE-2AC725137EB9,CHRL - Travis Rice,Russell Creek,,2021-04-06 20:37:00,,,,,,Steph 3,,,,Td kyle,yes,,,,,,,,,Light rain,141,20:39:00,0,7,2021-04-06 20:42:27,155,146,0,730,730,4,94.19,52.684,0.34,,,,,,,,,,,,,,,,,,,,,,,,,,,,,,,,,,,,,,,,,,,,,,,,,,,,,,,,,,,,,,,,,,,,20:44:00
56355280,2021-04-06 20:44:17 -07:00,iPad_186771EF-CF83-474C-B7BE-2AC725137EB9,CHRL - Travis Rice,Russell Creek,,2021-04-06 20:37:00,,,,,,Steph 3,,,,Td kyle,yes,,,,,,,,,Light rain,141,20:39:00,0,8,2021-04-06 20:42:44,147,120,0,570,570,4,81.63,41.137,0.28,,,,,,,,,,,,,,,,,,,,,,,,,,,,,,,,,,,,,,,,,,,,,,,,,,,,,,,,,,,,,,,,,,,,20:44:00
56355280,2021-04-06 20:44:17 -07:00,iPad_186771EF-CF83-474C-B7BE-2AC725137EB9,CHRL - Travis Rice,Russell Creek,,2021-04-06 20:37:00,,,,,,Steph 3,,,,Td kyle,yes,,,,,,,,,Light rain,141,20:39:00,0,9,2021-04-06 20:43:14,133,115,0,590,590,4,86.47,42.58,0.32,,,,,,,,,,,,,,,,,,,,,,,,,,,,,,,,,,,,,,,,,,,,,,,,,,,,,,,,,,,,,,,,,,,,20:44:00
56355280,2021-04-06 20:44:17 -07:00,iPad_186771EF-CF83-474C-B7BE-2AC725137EB9,CHRL - Travis Rice,Russell Creek,,2021-04-06 20:37:00,,,,,,Steph 3,,,,Td kyle,yes,,,,,,,,,Light rain,141,20:39:00,0,10,2021-04-06 20:43:36,127,115,0,590,590,4,90.55,42.58,0.335,,,,,,,,,,,,,,,,,,,,,,,,,,,,,,,,,,,,,,,,,,,,,,,,,,,,,,,,,,,,,,,,,,,,20:44:00
56394393,2021-04-07 19:44:16 -07:00,iPad_186771EF-CF83-474C-B7BE-2AC725137EB9,CHRL - Travis Rice,Russell Creek,,2021-04-07 12:29:00,,,,,,Steph 4,,,,Tk gf ,yes,no,no,no,no,no,no,yes,no,"Foggy, cloudy, light snow",154,12:32:00,3790,1,2021-04-07 12:38:53,154,127,0,4370,580,5,82.47,41.858,0.272,1 to 10 going down road,13:08:00,36 minutes,These include 9cm of new snow that has fallen since lidar,,,,,,,,,,,,,,,,,,,,,,,,,,,,,,,,,,,,,,HOBO,Tough2,,,,,,,,,,,,,,,,,,,,https://drive.google.com/uc?id=1KRSD6J9zgrO-kofOnayZhWWDhHmxrqnW,,,,"Changed judd to read actual snow depth

Come back to confirm correct, may be falsely reading distance to snow",13:10:00
56394393,2021-04-07 19:44:16 -07:00,iPad_186771EF-CF83-474C-B7BE-2AC725137EB9,CHRL - Travis Rice,Russell Creek,,2021-04-07 12:29:00,,,,,,Steph 4,,,,Tk gf ,yes,no,no,no,no,no,no,yes,no,"Foggy, cloudy, light snow",154,12:32:00,3790,2,2021-04-07 12:41:47,156,115,0,4370,580,5,73.72,41.858,0.268,,13:08:00,36 minutes,These include 9cm of new snow that has fallen since lidar,,,,,,,,,,,,,,,,,,,,,,,,,,,,,,,,,,,,,,HOBO,Tough2,,,,,,,,,,,,,,,,,,,,https://drive.google.com/uc?id=1KRSD6J9zgrO-kofOnayZhWWDhHmxrqnW,,,,"Changed judd to read actual snow depth

Come back to confirm correct, may be falsely reading distance to snow",13:10:00
56394393,2021-04-07 19:44:16 -07:00,iPad_186771EF-CF83-474C-B7BE-2AC725137EB9,CHRL - Travis Rice,Russell Creek,,2021-04-07 12:29:00,,,,,,Steph 4,,,,Tk gf ,yes,no,no,no,no,no,no,yes,no,"Foggy, cloudy, light snow",154,12:32:00,3790,3,2021-04-07 12:44:50,157,135,0,4430,640,5,85.99,46.189,0.294,,13:08:00,36 minutes,These include 9cm of new snow that has fallen since lidar,,,,,,,,,,,,,,,,,,,,,,,,,,,,,,,,,,,,,,HOBO,Tough2,,,,,,,,,,,,,,,,,,,,https://drive.google.com/uc?id=1KRSD6J9zgrO-kofOnayZhWWDhHmxrqnW,,,,"Changed judd to read actual snow depth

Come back to confirm correct, may be falsely reading distance to snow",13:10:00
56394393,2021-04-07 19:44:16 -07:00,iPad_186771EF-CF83-474C-B7BE-2AC725137EB9,CHRL - Travis Rice,Russell Creek,,2021-04-07 12:29:00,,,,,,Steph 4,,,,Tk gf ,yes,no,no,no,no,no,no,yes,no,"Foggy, cloudy, light snow",154,12:32:00,3790,4,2021-04-07 12:47:28,159,135,1,4460,670,5,84.91,48.354,0.306,,13:08:00,36 minutes,These include 9cm of new snow that has fallen since lidar,,,,,,,,,,,,,,,,,,,,,,,,,,,,,,,,,,,,,,HOBO,Tough2,,,,,,,,,,,,,,,,,,,,https://drive.google.com/uc?id=1KRSD6J9zgrO-kofOnayZhWWDhHmxrqnW,,,,"Changed judd to read actual snow depth

Come back to confirm correct, may be falsely reading distance to snow",13:10:00
56394393,2021-04-07 19:44:16 -07:00,iPad_186771EF-CF83-474C-B7BE-2AC725137EB9,CHRL - Travis Rice,Russell Creek,,2021-04-07 12:29:00,,,,,,Steph 4,,,,Tk gf ,yes,no,no,no,no,no,no,yes,no,"Foggy, cloudy, light snow",154,12:32:00,3790,5,2021-04-07 12:51:22,160,123,0,4450,660,5,76.88,47.632,0.298,,13:08:00,36 minutes,These include 9cm of new snow that has fallen since lidar,,,,,,,,,,,,,,,,,,,,,,,,,,,,,,,,,,,,,,HOBO,Tough2,,,,,,,,,,,,,,,,,,,,https://drive.google.com/uc?id=1KRSD6J9zgrO-kofOnayZhWWDhHmxrqnW,,,,"Changed judd to read actual snow depth

Come back to confirm correct, may be falsely reading distance to snow",13:10:00
56394393,2021-04-07 19:44:16 -07:00,iPad_186771EF-CF83-474C-B7BE-2AC725137EB9,CHRL - Travis Rice,Russell Creek,,2021-04-07 12:29:00,,,,,,Steph 4,,,,Tk gf ,yes,no,no,no,no,no,no,yes,no,"Foggy, cloudy, light snow",154,12:32:00,3790,6,2021-04-07 12:54:36,155,120,0,4350,560,5,77.42,40.415,0.261,,13:08:00,36 minutes,These include 9cm of new snow that has fallen since lidar,,,,,,,,,,,,,,,,,,,,,,,,,,,,,,,,,,,,,,HOBO,Tough2,,,,,,,,,,,,,,,,,,,,https://drive.google.com/uc?id=1KRSD6J9zgrO-kofOnayZhWWDhHmxrqnW,,,,"Changed judd to read actual snow depth

Come back to confirm correct, may be falsely reading distance to snow",13:10:00
56394393,2021-04-07 19:44:16 -07:00,iPad_186771EF-CF83-474C-B7BE-2AC725137EB9,CHRL - Travis Rice,Russell Creek,,2021-04-07 12:29:00,,,,,,Steph 4,,,,Tk gf ,yes,no,no,no,no,no,no,yes,no,"Foggy, cloudy, light snow",154,12:32:00,3790,7,2021-04-07 12:58:13,166,129,0.1,4380,590,4,77.71,42.58,0.257,,13:08:00,36 minutes,These include 9cm of new snow that has fallen since lidar,,,,,,,,,,,,,,,,,,,,,,,,,,,,,,,,,,,,,,HOBO,Tough2,,,,,,,,,,,,,,,,,,,,https://drive.google.com/uc?id=1KRSD6J9zgrO-kofOnayZhWWDhHmxrqnW,,,,"Changed judd to read actual snow depth

Come back to confirm correct, may be falsely reading distance to snow",13:10:00
56394393,2021-04-07 19:44:16 -07:00,iPad_186771EF-CF83-474C-B7BE-2AC725137EB9,CHRL - Travis Rice,Russell Creek,,2021-04-07 12:29:00,,,,,,Steph 4,,,,Tk gf ,yes,no,no,no,no,no,no,yes,no,"Foggy, cloudy, light snow",154,12:32:00,3790,8,2021-04-07 13:01:05,170,152,0,4430,640,4,89.41,46.189,0.272,,13:08:00,36 minutes,These include 9cm of new snow that has fallen since lidar,,,,,,,,,,,,,,,,,,,,,,,,,,,,,,,,,,,,,,HOBO,Tough2,,,,,,,,,,,,,,,,,,,,https://drive.google.com/uc?id=1KRSD6J9zgrO-kofOnayZhWWDhHmxrqnW,,,,"Changed judd to read actual snow depth

Come back to confirm correct, may be falsely reading distance to snow",13:10:00
56394393,2021-04-07 19:44:16 -07:00,iPad_186771EF-CF83-474C-B7BE-2AC725137EB9,CHRL - Travis Rice,Russell Creek,,2021-04-07 12:29:00,,,,,,Steph 4,,,,Tk gf ,yes,no,no,no,no,no,no,yes,no,"Foggy, cloudy, light snow",154,12:32:00,3790,9,2021-04-07 13:02:52,171,128,3,4440,650,5,74.85,46.91,0.279,,13:08:00,36 minutes,These include 9cm of new snow that has fallen since lidar,,,,,,,,,,,,,,,,,,,,,,,,,,,,,,,,,,,,,,HOBO,Tough2,,,,,,,,,,,,,,,,,,,,https://drive.google.com/uc?id=1KRSD6J9zgrO-kofOnayZhWWDhHmxrqnW,,,,"Changed judd to read actual snow depth

Come back to confirm correct, may be falsely reading distance to snow",13:10:00
56394393,2021-04-07 19:44:16 -07:00,iPad_186771EF-CF83-474C-B7BE-2AC725137EB9,CHRL - Travis Rice,Russell Creek,,2021-04-07 12:29:00,,,,,,Steph 4,,,,Tk gf ,yes,no,no,no,no,no,no,yes,no,"Foggy, cloudy, light snow",154,12:32:00,3790,10,2021-04-07 13:05:55,174,141,0.1,4450,660,4,81.03,47.632,0.274,,13:08:00,36 minutes,These include 9cm of new snow that has fallen since lidar,,,,,,,,,,,,,,,,,,,,,,,,,,,,,,,,,,,,,,HOBO,Tough2,,,,,,,,,,,,,,,,,,,,https://drive.google.com/uc?id=1KRSD6J9zgrO-kofOnayZhWWDhHmxrqnW,,,,"Changed judd to read actual snow depth

Come back to confirm correct, may be falsely reading distance to snow",13:10:00
56435461,2021-04-08 20:10:09 -07:00,iPad_186771EF-CF83-474C-B7BE-2AC725137EB9,CHRL - Travis Rice,Russell Creek,,2021-04-08 16:29:00,,,,,,Upper Russell,,,,Gf,,,,,,,,yes,,,,,,,,,,,,,,,,,,,,,,,,,,,,,,,,,,,,,,,,,,,,,,,,,,,,,,,,,,Campbell Scientific,Tough2,,,,,,,,,,,,,,,,,,,,https://drive.google.com/uc?id=1ZKHwWFBUsiJwS4DhZATuM8nSCXDn8H9q,,,,"Precip gauge not consistent with tipping bucket
Likely replace pressure sensor",16:34:00
56435474,2021-04-08 20:10:50 -07:00,iPad_186771EF-CF83-474C-B7BE-2AC725137EB9,CHRL - Travis Rice,Russell Creek,,2021-04-08 17:03:00,,,,,,Russell Main,,,,Gf,,,,,,,,yes,,,,,,,,,,,,,,,,,,,,,,,,,,,,,,,,,,,,,,,,,,,,,,,,,,,,,,,,,,HOBO,Tough2,,,,,,,,,,,,,,,,,,,,https://drive.google.com/uc?id=1jCPoaRhr1beMuxItVS4ZaE1LzkLEhPTM,,,,,
56436949,2021-04-08 21:19:02 -07:00,iPad_186771EF-CF83-474C-B7BE-2AC725137EB9,CHRL - Travis Rice,Russell Creek,,2021-04-08 15:29:00,,,,,,Steph 7,,,,Tk TD,yes,no,no,no,no,no,no,yes,no,Cloudy,70,,0,10,2021-04-08 20:11:10,64,41,0,320,320,5,64.06,23.094,0.361,Going uphill,15:37:00,,Downhill,,,,,,,,,,,,,,,,,,,,,,,,,,,,,,,,,,,,,,HOBO,Tough2,,,,,,,,,,,,,,,,,,,,,,,,Squeaky nose cone bearing in anemometer,15:39:00
56436949,2021-04-08 21:19:02 -07:00,iPad_186771EF-CF83-474C-B7BE-2AC725137EB9,CHRL - Travis Rice,Russell Creek,,2021-04-08 15:29:00,,,,,,Steph 7,,,,Tk TD,yes,no,no,no,no,no,no,yes,no,Cloudy,70,,0,9,2021-04-08 20:11:16,66,44,0,310,310,5,66.67,22.373,0.339,,15:37:00,,Downhill,,,,,,,,,,,,,,,,,,,,,,,,,,,,,,,,,,,,,,HOBO,Tough2,,,,,,,,,,,,,,,,,,,,,,,,Squeaky nose cone bearing in anemometer,15:39:00
56436949,2021-04-08 21:19:02 -07:00,iPad_186771EF-CF83-474C-B7BE-2AC725137EB9,CHRL - Travis Rice,Russell Creek,,2021-04-08 15:29:00,,,,,,Steph 7,,,,Tk TD,yes,no,no,no,no,no,no,yes,no,Cloudy,70,,0,8,2021-04-08 20:11:22,64,45,0,320,320,5,70.31,23.094,0.361,,15:37:00,,Downhill,,,,,,,,,,,,,,,,,,,,,,,,,,,,,,,,,,,,,,HOBO,Tough2,,,,,,,,,,,,,,,,,,,,,,,,Squeaky nose cone bearing in anemometer,15:39:00
56436949,2021-04-08 21:19:02 -07:00,iPad_186771EF-CF83-474C-B7BE-2AC725137EB9,CHRL - Travis Rice,Russell Creek,,2021-04-08 15:29:00,,,,,,Steph 7,,,,Tk TD,yes,no,no,no,no,no,no,yes,no,Cloudy,70,,0,7,2021-04-08 20:11:29,62,42,0,280,280,5,67.74,20.208,0.326,,15:37:00,,Downhill,,,,,,,,,,,,,,,,,,,,,,,,,,,,,,,,,,,,,,HOBO,Tough2,,,,,,,,,,,,,,,,,,,,,,,,Squeaky nose cone bearing in anemometer,15:39:00
56436949,2021-04-08 21:19:02 -07:00,iPad_186771EF-CF83-474C-B7BE-2AC725137EB9,CHRL - Travis Rice,Russell Creek,,2021-04-08 15:29:00,,,,,,Steph 7,,,,Tk TD,yes,no,no,no,no,no,no,yes,no,Cloudy,70,,0,6,2021-04-08 20:11:36,68,52,0,360,360,5,76.47,25.981,0.382,,15:37:00,,Downhill,,,,,,,,,,,,,,,,,,,,,,,,,,,,,,,,,,,,,,HOBO,Tough2,,,,,,,,,,,,,,,,,,,,,,,,Squeaky nose cone bearing in anemometer,15:39:00
56436949,2021-04-08 21:19:02 -07:00,iPad_186771EF-CF83-474C-B7BE-2AC725137EB9,CHRL - Travis Rice,Russell Creek,,2021-04-08 15:29:00,,,,,,Steph 7,,,,Tk TD,yes,no,no,no,no,no,no,yes,no,Cloudy,70,,0,5,2021-04-08 20:11:44,67,46,0,300,300,5,68.66,21.651,0.323,,15:37:00,,Downhill,,,,,,,,,,,,,,,,,,,,,,,,,,,,,,,,,,,,,,HOBO,Tough2,,,,,,,,,,,,,,,,,,,,,,,,Squeaky nose cone bearing in anemometer,15:39:00
56436949,2021-04-08 21:19:02 -07:00,iPad_186771EF-CF83-474C-B7BE-2AC725137EB9,CHRL - Travis Rice,Russell Creek,,2021-04-08 15:29:00,,,,,,Steph 7,,,,Tk TD,yes,no,no,no,no,no,no,yes,no,Cloudy,70,,0,4,2021-04-08 20:11:51,65,45,0,320,320,5,69.23,23.094,0.355,,15:37:00,,Downhill,,,,,,,,,,,,,,,,,,,,,,,,,,,,,,,,,,,,,,HOBO,Tough2,,,,,,,,,,,,,,,,,,,,,,,,Squeaky nose cone bearing in anemometer,15:39:00
56436949,2021-04-08 21:19:02 -07:00,iPad_186771EF-CF83-474C-B7BE-2AC725137EB9,CHRL - Travis Rice,Russell Creek,,2021-04-08 15:29:00,,,,,,Steph 7,,,,Tk TD,yes,no,no,no,no,no,no,yes,no,Cloudy,70,,0,3,2021-04-08 20:11:56,68,50,0,350,350,5,73.53,25.259,0.371,,15:37:00,,Downhill,,,,,,,,,,,,,,,,,,,,,,,,,,,,,,,,,,,,,,HOBO,Tough2,,,,,,,,,,,,,,,,,,,,,,,,Squeaky nose cone bearing in anemometer,15:39:00
56436949,2021-04-08 21:19:02 -07:00,iPad_186771EF-CF83-474C-B7BE-2AC725137EB9,CHRL - Travis Rice,Russell Creek,,2021-04-08 15:29:00,,,,,,Steph 7,,,,Tk TD,yes,no,no,no,no,no,no,yes,no,Cloudy,70,,0,2,2021-04-08 20:12:04,68,47,0,310,310,5,69.12,22.373,0.329,,15:37:00,,Downhill,,,,,,,,,,,,,,,,,,,,,,,,,,,,,,,,,,,,,,HOBO,Tough2,,,,,,,,,,,,,,,,,,,,,,,,Squeaky nose cone bearing in anemometer,15:39:00
56436949,2021-04-08 21:19:02 -07:00,iPad_186771EF-CF83-474C-B7BE-2AC725137EB9,CHRL - Travis Rice,Russell Creek,,2021-04-08 15:29:00,,,,,,Steph 7,,,,Tk TD,yes,no,no,no,no,no,no,yes,no,Cloudy,70,,0,1,2021-04-08 20:12:08,68,53,0,360,360,5,77.94,25.981,0.382,,15:37:00,,Downhill,,,,,,,,,,,,,,,,,,,,,,,,,,,,,,,,,,,,,,HOBO,Tough2,,,,,,,,,,,,,,,,,,,,,,,,Squeaky nose cone bearing in anemometer,15:39:00
56436972,2021-04-08 21:20:39 -07:00,iPad_186771EF-CF83-474C-B7BE-2AC725137EB9,CHRL - Travis Rice,Russell Creek,,2021-04-08 15:55:00,,,,,,Steph 8,,,,Tk TD,yes,no,no,no,no,no,no,yes,no,Overcast,56,15:56:00,0,10,2021-04-08 21:19:19,57,40,0,310,310,5,70.18,22.373,0.393,,16:04:00,8 minutes,Downhill,,,,,,,,,,,,,,,,,,,,,,,,,,,,,,,,,,,,,,HOBO,Tough2,,,,,,,,,,,,,,,,,,,,,,,,Battery charging :). Tape job holding solar connector in is working!,
56436972,2021-04-08 21:20:39 -07:00,iPad_186771EF-CF83-474C-B7BE-2AC725137EB9,CHRL - Travis Rice,Russell Creek,,2021-04-08 15:55:00,,,,,,Steph 8,,,,Tk TD,yes,no,no,no,no,no,no,yes,no,Overcast,56,15:56:00,0,9,2021-04-08 21:19:25,64,43,0,300,300,5,67.19,21.651,0.338,,16:04:00,8 minutes,Downhill,,,,,,,,,,,,,,,,,,,,,,,,,,,,,,,,,,,,,,HOBO,Tough2,,,,,,,,,,,,,,,,,,,,,,,,Battery charging :). Tape job holding solar connector in is working!,
56436972,2021-04-08 21:20:39 -07:00,iPad_186771EF-CF83-474C-B7BE-2AC725137EB9,CHRL - Travis Rice,Russell Creek,,2021-04-08 15:55:00,,,,,,Steph 8,,,,Tk TD,yes,no,no,no,no,no,no,yes,no,Overcast,56,15:56:00,0,8,2021-04-08 21:19:31,65,49,0,360,360,5,75.38,25.981,0.4,,16:04:00,8 minutes,Downhill,,,,,,,,,,,,,,,,,,,,,,,,,,,,,,,,,,,,,,HOBO,Tough2,,,,,,,,,,,,,,,,,,,,,,,,Battery charging :). Tape job holding solar connector in is working!,
56436972,2021-04-08 21:20:39 -07:00,iPad_186771EF-CF83-474C-B7BE-2AC725137EB9,CHRL - Travis Rice,Russell Creek,,2021-04-08 15:55:00,,,,,,Steph 8,,,,Tk TD,yes,no,no,no,no,no,no,yes,no,Overcast,56,15:56:00,0,7,2021-04-08 21:19:36,61,33,0,290,290,5,54.1,20.929,0.343,,16:04:00,8 minutes,Downhill,,,,,,,,,,,,,,,,,,,,,,,,,,,,,,,,,,,,,,HOBO,Tough2,,,,,,,,,,,,,,,,,,,,,,,,Battery charging :). Tape job holding solar connector in is working!,
56436972,2021-04-08 21:20:39 -07:00,iPad_186771EF-CF83-474C-B7BE-2AC725137EB9,CHRL - Travis Rice,Russell Creek,,2021-04-08 15:55:00,,,,,,Steph 8,,,,Tk TD,yes,no,no,no,no,no,no,yes,no,Overcast,56,15:56:00,0,6,2021-04-08 21:19:42,63,49,0,360,360,5,77.78,25.981,0.412,,16:04:00,8 minutes,Downhill,,,,,,,,,,,,,,,,,,,,,,,,,,,,,,,,,,,,,,HOBO,Tough2,,,,,,,,,,,,,,,,,,,,,,,,Battery charging :). Tape job holding solar connector in is working!,
56436972,2021-04-08 21:20:39 -07:00,iPad_186771EF-CF83-474C-B7BE-2AC725137EB9,CHRL - Travis Rice,Russell Creek,,2021-04-08 15:55:00,,,,,,Steph 8,,,,Tk TD,yes,no,no,no,no,no,no,yes,no,Overcast,56,15:56:00,0,5,2021-04-08 21:19:49,63,47,0,300,300,5,74.6,21.651,0.344,,16:04:00,8 minutes,Downhill,,,,,,,,,,,,,,,,,,,,,,,,,,,,,,,,,,,,,,HOBO,Tough2,,,,,,,,,,,,,,,,,,,,,,,,Battery charging :). Tape job holding solar connector in is working!,
56436972,2021-04-08 21:20:39 -07:00,iPad_186771EF-CF83-474C-B7BE-2AC725137EB9,CHRL - Travis Rice,Russell Creek,,2021-04-08 15:55:00,,,,,,Steph 8,,,,Tk TD,yes,no,no,no,no,no,no,yes,no,Overcast,56,15:56:00,0,4,2021-04-08 21:19:54,65,48,0,350,350,5,73.85,25.259,0.389,,16:04:00,8 minutes,Downhill,,,,,,,,,,,,,,,,,,,,,,,,,,,,,,,,,,,,,,HOBO,Tough2,,,,,,,,,,,,,,,,,,,,,,,,Battery charging :). Tape job holding solar connector in is working!,
56436972,2021-04-08 21:20:39 -07:00,iPad_186771EF-CF83-474C-B7BE-2AC725137EB9,CHRL - Travis Rice,Russell Creek,,2021-04-08 15:55:00,,,,,,Steph 8,,,,Tk TD,yes,no,no,no,no,no,no,yes,no,Overcast,56,15:56:00,0,3,2021-04-08 21:20:00,66,53,0,380,380,5,80.3,27.425,0.416,,16:04:00,8 minutes,Downhill,,,,,,,,,,,,,,,,,,,,,,,,,,,,,,,,,,,,,,HOBO,Tough2,,,,,,,,,,,,,,,,,,,,,,,,Battery charging :). Tape job holding solar connector in is working!,
56436972,2021-04-08 21:20:39 -07:00,iPad_186771EF-CF83-474C-B7BE-2AC725137EB9,CHRL - Travis Rice,Russell Creek,,2021-04-08 15:55:00,,,,,,Steph 8,,,,Tk TD,yes,no,no,no,no,no,no,yes,no,Overcast,56,15:56:00,0,2,2021-04-08 21:20:05,67,55,0,270,270,5,82.09,19.486,0.291,,16:04:00,8 minutes,Downhill,,,,,,,,,,,,,,,,,,,,,,,,,,,,,,,,,,,,,,HOBO,Tough2,,,,,,,,,,,,,,,,,,,,,,,,Battery charging :). Tape job holding solar connector in is working!,
56436972,2021-04-08 21:20:39 -07:00,iPad_186771EF-CF83-474C-B7BE-2AC725137EB9,CHRL - Travis Rice,Russell Creek,,2021-04-08 15:55:00,,,,,,Steph 8,,,,Tk TD,yes,no,no,no,no,no,no,yes,no,Overcast,56,15:56:00,0,1,2021-04-08 21:20:11,66,40,0,280,280,5,60.61,20.208,0.306,,16:04:00,8 minutes,Downhill,,,,,,,,,,,,,,,,,,,,,,,,,,,,,,,,,,,,,,HOBO,Tough2,,,,,,,,,,,,,,,,,,,,,,,,Battery charging :). Tape job holding solar connector in is working!,
56472406,2021-04-09 19:56:28 -07:00,iPad_186771EF-CF83-474C-B7BE-2AC725137EB9,CHRL - Travis Rice,Russell Creek,,2021-04-09 19:55:00,,,,,,Auto-salt upstream,,,,Gf tk,,,,,,,,yes,,,,,,,,,,,,,,,,,,,,,,,,,,,,,,,,,,,,,,,,,,,,,,,,,,,,,,,,,,Campbell Scientific,Tough2,,,,,,,,,,,,,,,,,,,,,,,,,19:56:00
56472452,2021-04-09 19:59:20 -07:00,iPad_186771EF-CF83-474C-B7BE-2AC725137EB9,CHRL - Travis Rice,Russell Creek,,2021-04-09 19:56:00,,,,,,Auto-salt downstream,,,,Gf tk,,,yes,,,,,yes,,,,,,,,,,,,,,,,,,,,,,,,13:20,2,Ect,Ect2,,,,,,,,,,,,,Cf table notes on FLNRO folder with todayâ€™s date in an excel spreadsheet,,,,,,,,,,,,,,,,,,Campbell Scientific,Tough2,,,,,,,,,,,,,,,,,,,,,,,,,
56535524,2021-04-12 09:57:49 -07:00,iPad_F38B7DE9-9E96-46F1-8A21-B55333832D55,CHRL-Warren Miller,High Elevation Wx,,2021-04-05 16:37:00,Vancouver Island,,,,Upper Cruickshank,,,,,"Rw, eh, ac",yes,,,,,,,,,Very sunny late day,408,16:40:00,4010,1a,2021-04-05 16:39:04,325,305,0,5510,1500,4,93.85,108.255,0.333,,18:13:00,1 hours 33 minutes,,,,,,,,,,,,,,,,,,,,,,,,,,,,,,,,,,,,,,,,,,,,,,,,,,,,,,,,,,,,https://drive.google.com/uc?id=1SpcgtXaOuyWImWqLCKV0TiKwvG4_ulHj,,,,No data download was here just a month ago. Snow stake measurements are in ACO form. Charged battery with bigger batt charger no difference in charge noted after 4 hrs charging. Suspecting problem with solar charger or panel. ,
56535524,2021-04-12 09:57:49 -07:00,iPad_F38B7DE9-9E96-46F1-8A21-B55333832D55,CHRL-Warren Miller,High Elevation Wx,,2021-04-05 16:37:00,Vancouver Island,,,,Upper Cruickshank,,,,,"Rw, eh, ac",yes,,,,,,,,,Very sunny late day,408,16:40:00,4010,1b,2021-04-05 16:41:12,411,100,10,4640,630,4,24.33,45.467,0.113,,18:13:00,1 hours 33 minutes,,,,,,,,,,,,,,,,,,,,,,,,,,,,,,,,,,,,,,,,,,,,,,,,,,,,,,,,,,,,https://drive.google.com/uc?id=1SpcgtXaOuyWImWqLCKV0TiKwvG4_ulHj,,,,No data download was here just a month ago. Snow stake measurements are in ACO form. Charged battery with bigger batt charger no difference in charge noted after 4 hrs charging. Suspecting problem with solar charger or panel. ,
56535524,2021-04-12 09:57:49 -07:00,iPad_F38B7DE9-9E96-46F1-8A21-B55333832D55,CHRL-Warren Miller,High Elevation Wx,,2021-04-05 16:37:00,Vancouver Island,,,,Upper Cruickshank,,,,,"Rw, eh, ac",yes,,,,,,,,,Very sunny late day,408,16:40:00,4010,2a,2021-04-05 16:47:54,346,321,0,5520,1510,5,92.77,108.976,0.315,,18:13:00,1 hours 33 minutes,,,,,,,,,,,,,,,,,,,,,,,,,,,,,,,,,,,,,,,,,,,,,,,,,,,,,,,,,,,,https://drive.google.com/uc?id=1SpcgtXaOuyWImWqLCKV0TiKwvG4_ulHj,,,,No data download was here just a month ago. Snow stake measurements are in ACO form. Charged battery with bigger batt charger no difference in charge noted after 4 hrs charging. Suspecting problem with solar charger or panel. ,
56535524,2021-04-12 09:57:49 -07:00,iPad_F38B7DE9-9E96-46F1-8A21-B55333832D55,CHRL-Warren Miller,High Elevation Wx,,2021-04-05 16:37:00,Vancouver Island,,,,Upper Cruickshank,,,,,"Rw, eh, ac",yes,,,,,,,,,Very sunny late day,408,16:40:00,4010,2b,2021-04-05 16:55:34,406,85,2,4390,380,4,20.94,27.425,0.068,,18:13:00,1 hours 33 minutes,,,,,,,,,,,,,,,,,,,,,,,,,,,,,,,,,,,,,,,,,,,,,,,,,,,,,,,,,,,,https://drive.google.com/uc?id=1SpcgtXaOuyWImWqLCKV0TiKwvG4_ulHj,,,,No data download was here just a month ago. Snow stake measurements are in ACO form. Charged battery with bigger batt charger no difference in charge noted after 4 hrs charging. Suspecting problem with solar charger or panel. ,
56535524,2021-04-12 09:57:49 -07:00,iPad_F38B7DE9-9E96-46F1-8A21-B55333832D55,CHRL-Warren Miller,High Elevation Wx,,2021-04-05 16:37:00,Vancouver Island,,,,Upper Cruickshank,,,,,"Rw, eh, ac",yes,,,,,,,,,Very sunny late day,408,16:40:00,4010,3a,2021-04-05 17:05:25,359,343,,5590,1580,4,95.54,114.028,,,18:13:00,1 hours 33 minutes,,,,,,,,,,,,,,,,,,,,,,,,,,,,,,,,,,,,,,,,,,,,,,,,,,,,,,,,,,,,https://drive.google.com/uc?id=1SpcgtXaOuyWImWqLCKV0TiKwvG4_ulHj,,,,No data download was here just a month ago. Snow stake measurements are in ACO form. Charged battery with bigger batt charger no difference in charge noted after 4 hrs charging. Suspecting problem with solar charger or panel. ,
56535524,2021-04-12 09:57:49 -07:00,iPad_F38B7DE9-9E96-46F1-8A21-B55333832D55,CHRL-Warren Miller,High Elevation Wx,,2021-04-05 16:37:00,Vancouver Island,,,,Upper Cruickshank,,,,,"Rw, eh, ac",yes,,,,,,,,,Very sunny late day,408,16:40:00,4010,3b,2021-04-05 17:14:43,417,64,13,4160,150,5,15.35,10.825,0.027,,18:13:00,1 hours 33 minutes,,,,,,,,,,,,,,,,,,,,,,,,,,,,,,,,,,,,,,,,,,,,,,,,,,,,,,,,,,,,https://drive.google.com/uc?id=1SpcgtXaOuyWImWqLCKV0TiKwvG4_ulHj,,,,No data download was here just a month ago. Snow stake measurements are in ACO form. Charged battery with bigger batt charger no difference in charge noted after 4 hrs charging. Suspecting problem with solar charger or panel. ,
56535524,2021-04-12 09:57:49 -07:00,iPad_F38B7DE9-9E96-46F1-8A21-B55333832D55,CHRL-Warren Miller,High Elevation Wx,,2021-04-05 16:37:00,Vancouver Island,,,,Upper Cruickshank,,,,,"Rw, eh, ac",yes,,,,,,,,,Very sunny late day,408,16:40:00,4010,4a,2021-04-05 17:19:05,324,305,,3950,-60,1,94.14,-4.33,,,18:13:00,1 hours 33 minutes,,,,,,,,,,,,,,,,,,,,,,,,,,,,,,,,,,,,,,,,,,,,,,,,,,,,,,,,,,,,https://drive.google.com/uc?id=1SpcgtXaOuyWImWqLCKV0TiKwvG4_ulHj,,,,No data download was here just a month ago. Snow stake measurements are in ACO form. Charged battery with bigger batt charger no difference in charge noted after 4 hrs charging. Suspecting problem with solar charger or panel. ,
56535524,2021-04-12 09:57:49 -07:00,iPad_F38B7DE9-9E96-46F1-8A21-B55333832D55,CHRL-Warren Miller,High Elevation Wx,,2021-04-05 16:37:00,Vancouver Island,,,,Upper Cruickshank,,,,,"Rw, eh, ac",yes,,,,,,,,,Very sunny late day,408,16:40:00,4010,4b,2021-04-05 17:22:32,404,89,0,4430,420,4,22.03,30.311,0.075,,18:13:00,1 hours 33 minutes,,,,,,,,,,,,,,,,,,,,,,,,,,,,,,,,,,,,,,,,,,,,,,,,,,,,,,,,,,,,https://drive.google.com/uc?id=1SpcgtXaOuyWImWqLCKV0TiKwvG4_ulHj,,,,No data download was here just a month ago. Snow stake measurements are in ACO form. Charged battery with bigger batt charger no difference in charge noted after 4 hrs charging. Suspecting problem with solar charger or panel. ,
56535524,2021-04-12 09:57:49 -07:00,iPad_F38B7DE9-9E96-46F1-8A21-B55333832D55,CHRL-Warren Miller,High Elevation Wx,,2021-04-05 16:37:00,Vancouver Island,,,,Upper Cruickshank,,,,,"Rw, eh, ac",yes,,,,,,,,,Very sunny late day,408,16:40:00,4010,5a,2021-04-05 17:30:41,338,331,0,5490,1480,4,97.93,106.811,0.316,,18:13:00,1 hours 33 minutes,,,,,,,,,,,,,,,,,,,,,,,,,,,,,,,,,,,,,,,,,,,,,,,,,,,,,,,,,,,,https://drive.google.com/uc?id=1SpcgtXaOuyWImWqLCKV0TiKwvG4_ulHj,,,,No data download was here just a month ago. Snow stake measurements are in ACO form. Charged battery with bigger batt charger no difference in charge noted after 4 hrs charging. Suspecting problem with solar charger or panel. ,
56535524,2021-04-12 09:57:49 -07:00,iPad_F38B7DE9-9E96-46F1-8A21-B55333832D55,CHRL-Warren Miller,High Elevation Wx,,2021-04-05 16:37:00,Vancouver Island,,,,Upper Cruickshank,,,,,"Rw, eh, ac",yes,,,,,,,,,Very sunny late day,408,16:40:00,4010,5b,2021-04-05 17:34:42,404,88,2,3220,-790,1,21.78,-57.014,-0.142,,18:13:00,1 hours 33 minutes,,,,,,,,,,,,,,,,,,,,,,,,,,,,,,,,,,,,,,,,,,,,,,,,,,,,,,,,,,,,https://drive.google.com/uc?id=1SpcgtXaOuyWImWqLCKV0TiKwvG4_ulHj,,,,No data download was here just a month ago. Snow stake measurements are in ACO form. Charged battery with bigger batt charger no difference in charge noted after 4 hrs charging. Suspecting problem with solar charger or panel. ,
56535524,2021-04-12 09:57:49 -07:00,iPad_F38B7DE9-9E96-46F1-8A21-B55333832D55,CHRL-Warren Miller,High Elevation Wx,,2021-04-05 16:37:00,Vancouver Island,,,,Upper Cruickshank,,,,,"Rw, eh, ac",yes,,,,,,,,,Very sunny late day,408,16:40:00,4010,6a,2021-04-05 17:37:26,340,329,0,5040,1030,4,96.76,74.335,0.219,,18:13:00,1 hours 33 minutes,,,,,,,,,,,,,,,,,,,,,,,,,,,,,,,,,,,,,,,,,,,,,,,,,,,,,,,,,,,,https://drive.google.com/uc?id=1SpcgtXaOuyWImWqLCKV0TiKwvG4_ulHj,,,,No data download was here just a month ago. Snow stake measurements are in ACO form. Charged battery with bigger batt charger no difference in charge noted after 4 hrs charging. Suspecting problem with solar charger or panel. ,
56535524,2021-04-12 09:57:49 -07:00,iPad_F38B7DE9-9E96-46F1-8A21-B55333832D55,CHRL-Warren Miller,High Elevation Wx,,2021-04-05 16:37:00,Vancouver Island,,,,Upper Cruickshank,,,,,"Rw, eh, ac",yes,,,,,,,,,Very sunny late day,408,16:40:00,4010,6b,2021-04-05 17:41:13,403,75,11,4360,350,4,18.61,25.259,0.064,,18:13:00,1 hours 33 minutes,,,,,,,,,,,,,,,,,,,,,,,,,,,,,,,,,,,,,,,,,,,,,,,,,,,,,,,,,,,,https://drive.google.com/uc?id=1SpcgtXaOuyWImWqLCKV0TiKwvG4_ulHj,,,,No data download was here just a month ago. Snow stake measurements are in ACO form. Charged battery with bigger batt charger no difference in charge noted after 4 hrs charging. Suspecting problem with solar charger or panel. ,
56535524,2021-04-12 09:57:49 -07:00,iPad_F38B7DE9-9E96-46F1-8A21-B55333832D55,CHRL-Warren Miller,High Elevation Wx,,2021-04-05 16:37:00,Vancouver Island,,,,Upper Cruickshank,,,,,"Rw, eh, ac",yes,,,,,,,,,Very sunny late day,408,16:40:00,4010,7a,2021-04-05 17:49:30,293,265,0,5100,1090,5,90.44,78.665,0.268,,18:13:00,1 hours 33 minutes,,,,,,,,,,,,,,,,,,,,,,,,,,,,,,,,,,,,,,,,,,,,,,,,,,,,,,,,,,,,https://drive.google.com/uc?id=1SpcgtXaOuyWImWqLCKV0TiKwvG4_ulHj,,,,No data download was here just a month ago. Snow stake measurements are in ACO form. Charged battery with bigger batt charger no difference in charge noted after 4 hrs charging. Suspecting problem with solar charger or panel. ,
56535524,2021-04-12 09:57:49 -07:00,iPad_F38B7DE9-9E96-46F1-8A21-B55333832D55,CHRL-Warren Miller,High Elevation Wx,,2021-04-05 16:37:00,Vancouver Island,,,,Upper Cruickshank,,,,,"Rw, eh, ac",yes,,,,,,,,,Very sunny late day,408,16:40:00,4010,7b,2021-04-05 17:54:06,362,66,0,4410,400,5,18.23,28.868,0.08,,18:13:00,1 hours 33 minutes,,,,,,,,,,,,,,,,,,,,,,,,,,,,,,,,,,,,,,,,,,,,,,,,,,,,,,,,,,,,https://drive.google.com/uc?id=1SpcgtXaOuyWImWqLCKV0TiKwvG4_ulHj,,,,No data download was here just a month ago. Snow stake measurements are in ACO form. Charged battery with bigger batt charger no difference in charge noted after 4 hrs charging. Suspecting problem with solar charger or panel. ,
56535524,2021-04-12 09:57:49 -07:00,iPad_F38B7DE9-9E96-46F1-8A21-B55333832D55,CHRL-Warren Miller,High Elevation Wx,,2021-04-05 16:37:00,Vancouver Island,,,,Upper Cruickshank,,,,,"Rw, eh, ac",yes,,,,,,,,,Very sunny late day,408,16:40:00,4010,7c,2021-04-05 17:56:43,397,55,0,4080,70,5,13.85,5.052,0.013,,18:13:00,1 hours 33 minutes,,,,,,,,,,,,,,,,,,,,,,,,,,,,,,,,,,,,,,,,,,,,,,,,,,,,,,,,,,,,https://drive.google.com/uc?id=1SpcgtXaOuyWImWqLCKV0TiKwvG4_ulHj,,,,No data download was here just a month ago. Snow stake measurements are in ACO form. Charged battery with bigger batt charger no difference in charge noted after 4 hrs charging. Suspecting problem with solar charger or panel. ,
56535524,2021-04-12 09:57:49 -07:00,iPad_F38B7DE9-9E96-46F1-8A21-B55333832D55,CHRL-Warren Miller,High Elevation Wx,,2021-04-05 16:37:00,Vancouver Island,,,,Upper Cruickshank,,,,,"Rw, eh, ac",yes,,,,,,,,,Very sunny late day,408,16:40:00,4010,8a,2021-04-05 18:01:11,283,276,0,5390,1380,5,97.53,99.594,0.352,,18:13:00,1 hours 33 minutes,,,,,,,,,,,,,,,,,,,,,,,,,,,,,,,,,,,,,,,,,,,,,,,,,,,,,,,,,,,,https://drive.google.com/uc?id=1SpcgtXaOuyWImWqLCKV0TiKwvG4_ulHj,,,,No data download was here just a month ago. Snow stake measurements are in ACO form. Charged battery with bigger batt charger no difference in charge noted after 4 hrs charging. Suspecting problem with solar charger or panel. ,
56535524,2021-04-12 09:57:49 -07:00,iPad_F38B7DE9-9E96-46F1-8A21-B55333832D55,CHRL-Warren Miller,High Elevation Wx,,2021-04-05 16:37:00,Vancouver Island,,,,Upper Cruickshank,,,,,"Rw, eh, ac",yes,,,,,,,,,Very sunny late day,408,16:40:00,4010,8b,2021-04-05 18:03:05,322,53,0,4140,130,5,16.46,9.382,0.029,,18:13:00,1 hours 33 minutes,,,,,,,,,,,,,,,,,,,,,,,,,,,,,,,,,,,,,,,,,,,,,,,,,,,,,,,,,,,,https://drive.google.com/uc?id=1SpcgtXaOuyWImWqLCKV0TiKwvG4_ulHj,,,,No data download was here just a month ago. Snow stake measurements are in ACO form. Charged battery with bigger batt charger no difference in charge noted after 4 hrs charging. Suspecting problem with solar charger or panel. ,
56535524,2021-04-12 09:57:49 -07:00,iPad_F38B7DE9-9E96-46F1-8A21-B55333832D55,CHRL-Warren Miller,High Elevation Wx,,2021-04-05 16:37:00,Vancouver Island,,,,Upper Cruickshank,,,,,"Rw, eh, ac",yes,,,,,,,,,Very sunny late day,408,16:40:00,4010,8c,2021-04-05 18:08:05,377,69,4,4210,200,5,18.3,14.434,0.039,,18:13:00,1 hours 33 minutes,,,,,,,,,,,,,,,,,,,,,,,,,,,,,,,,,,,,,,,,,,,,,,,,,,,,,,,,,,,,https://drive.google.com/uc?id=1SpcgtXaOuyWImWqLCKV0TiKwvG4_ulHj,,,,No data download was here just a month ago. Snow stake measurements are in ACO form. Charged battery with bigger batt charger no difference in charge noted after 4 hrs charging. Suspecting problem with solar charger or panel. ,
56535524,2021-04-12 09:57:49 -07:00,iPad_F38B7DE9-9E96-46F1-8A21-B55333832D55,CHRL-Warren Miller,High Elevation Wx,,2021-04-05 16:37:00,Vancouver Island,,,,Upper Cruickshank,,,,,"Rw, eh, ac",yes,,,,,,,,,Very sunny late day,408,16:40:00,4010,Snow pillow 1a,2021-04-05 18:17:39,279,261,0,4720,710,5,93.55,51.241,0.184,,18:13:00,1 hours 33 minutes,,,,,,,,,,,,,,,,,,,,,,,,,,,,,,,,,,,,,,,,,,,,,,,,,,,,,,,,,,,,https://drive.google.com/uc?id=1SpcgtXaOuyWImWqLCKV0TiKwvG4_ulHj,,,,No data download was here just a month ago. Snow stake measurements are in ACO form. Charged battery with bigger batt charger no difference in charge noted after 4 hrs charging. Suspecting problem with solar charger or panel. ,
56535524,2021-04-12 09:57:49 -07:00,iPad_F38B7DE9-9E96-46F1-8A21-B55333832D55,CHRL-Warren Miller,High Elevation Wx,,2021-04-05 16:37:00,Vancouver Island,,,,Upper Cruickshank,,,,,"Rw, eh, ac",yes,,,,,,,,,Very sunny late day,408,16:40:00,4010,Snow pillow 2a,2021-04-05 18:19:23,325,115,0,4510,500,5,35.38,36.085,0.111,,18:13:00,1 hours 33 minutes,,,,,,,,,,,,,,,,,,,,,,,,,,,,,,,,,,,,,,,,,,,,,,,,,,,,,,,,,,,,https://drive.google.com/uc?id=1SpcgtXaOuyWImWqLCKV0TiKwvG4_ulHj,,,,No data download was here just a month ago. Snow stake measurements are in ACO form. Charged battery with bigger batt charger no difference in charge noted after 4 hrs charging. Suspecting problem with solar charger or panel. ,
56535524,2021-04-12 09:57:49 -07:00,iPad_F38B7DE9-9E96-46F1-8A21-B55333832D55,CHRL-Warren Miller,High Elevation Wx,,2021-04-05 16:37:00,Vancouver Island,,,,Upper Cruickshank,,,,,"Rw, eh, ac",yes,,,,,,,,,Very sunny late day,408,16:40:00,4010,Snow pillow 3a,2021-04-05 18:19:34,377,46,0,4130,120,5,12.2,8.66,0.023,,18:13:00,1 hours 33 minutes,,,,,,,,,,,,,,,,,,,,,,,,,,,,,,,,,,,,,,,,,,,,,,,,,,,,,,,,,,,,https://drive.google.com/uc?id=1SpcgtXaOuyWImWqLCKV0TiKwvG4_ulHj,,,,No data download was here just a month ago. Snow stake measurements are in ACO form. Charged battery with bigger batt charger no difference in charge noted after 4 hrs charging. Suspecting problem with solar charger or panel. ,
57198039,2021-04-28 17:45:01 -07:00,iPad_186771EF-CF83-474C-B7BE-2AC725137EB9,CHRL - Travis Rice,High Elevation Wx,,2021-04-28 10:20:00,Vancouver Island,,,,Cain Ridge Runner,,,,,Tk gf,yes,no,no,no,no,no,no,yes,no,Rainy,202,10:38:00,0,1,2021-04-28 10:27:11,219,190,0,99999,99999,3,86.76,7216.903,32.954,,10:42:00,4 minutes,"No scale, use 1 5 10 as average. Snow brought down in bag depth only for remainder",,,,,,,,,,,,,,,,,,,,,,,,,,,,,,,,,,,,,,FTS,Usb,,,,,,,,,,,,,,,,,,,,https://drive.google.com/uc?id=1bw_QXdMpAB3jtlzQHd1cIqt0Aec1HC7j,,,,Bring lock. Snowmobile tracks next to station,10:44:00
57198039,2021-04-28 17:45:01 -07:00,iPad_186771EF-CF83-474C-B7BE-2AC725137EB9,CHRL - Travis Rice,High Elevation Wx,,2021-04-28 10:20:00,Vancouver Island,,,,Cain Ridge Runner,,,,,Tk gf,yes,no,no,no,no,no,no,yes,no,Rainy,202,10:38:00,0,5,2021-04-28 10:32:24,270,261,0.1,99999,99999,5,96.67,7216.903,26.739,,10:42:00,4 minutes,"No scale, use 1 5 10 as average. Snow brought down in bag depth only for remainder",,,,,,,,,,,,,,,,,,,,,,,,,,,,,,,,,,,,,,FTS,Usb,,,,,,,,,,,,,,,,,,,,https://drive.google.com/uc?id=1bw_QXdMpAB3jtlzQHd1cIqt0Aec1HC7j,,,,Bring lock. Snowmobile tracks next to station,10:44:00
57198039,2021-04-28 17:45:01 -07:00,iPad_186771EF-CF83-474C-B7BE-2AC725137EB9,CHRL - Travis Rice,High Elevation Wx,,2021-04-28 10:20:00,Vancouver Island,,,,Cain Ridge Runner,,,,,Tk gf,yes,no,no,no,no,no,no,yes,no,Rainy,202,10:38:00,0,10,2021-04-28 10:35:58,296,270,1,99999,99999,5,91.22,7216.903,24.464,,10:42:00,4 minutes,"No scale, use 1 5 10 as average. Snow brought down in bag depth only for remainder",,,,,,,,,,,,,,,,,,,,,,,,,,,,,,,,,,,,,,FTS,Usb,,,,,,,,,,,,,,,,,,,,https://drive.google.com/uc?id=1bw_QXdMpAB3jtlzQHd1cIqt0Aec1HC7j,,,,Bring lock. Snowmobile tracks next to station,10:44:00
57198039,2021-04-28 17:45:01 -07:00,iPad_186771EF-CF83-474C-B7BE-2AC725137EB9,CHRL - Travis Rice,High Elevation Wx,,2021-04-28 10:20:00,Vancouver Island,,,,Cain Ridge Runner,,,,,Tk gf,yes,no,no,no,no,no,no,yes,no,Rainy,202,10:38:00,0,2,2021-04-28 10:39:13,246,0,0,0,0,1,0,0,0,,10:42:00,4 minutes,"No scale, use 1 5 10 as average. Snow brought down in bag depth only for remainder",,,,,,,,,,,,,,,,,,,,,,,,,,,,,,,,,,,,,,FTS,Usb,,,,,,,,,,,,,,,,,,,,https://drive.google.com/uc?id=1bw_QXdMpAB3jtlzQHd1cIqt0Aec1HC7j,,,,Bring lock. Snowmobile tracks next to station,10:44:00
57198039,2021-04-28 17:45:01 -07:00,iPad_186771EF-CF83-474C-B7BE-2AC725137EB9,CHRL - Travis Rice,High Elevation Wx,,2021-04-28 10:20:00,Vancouver Island,,,,Cain Ridge Runner,,,,,Tk gf,yes,no,no,no,no,no,no,yes,no,Rainy,202,10:38:00,0,3,2021-04-28 10:39:21,266,0,0,0,0,1,0,0,0,,10:42:00,4 minutes,"No scale, use 1 5 10 as average. Snow brought down in bag depth only for remainder",,,,,,,,,,,,,,,,,,,,,,,,,,,,,,,,,,,,,,FTS,Usb,,,,,,,,,,,,,,,,,,,,https://drive.google.com/uc?id=1bw_QXdMpAB3jtlzQHd1cIqt0Aec1HC7j,,,,Bring lock. Snowmobile tracks next to station,10:44:00
57198039,2021-04-28 17:45:01 -07:00,iPad_186771EF-CF83-474C-B7BE-2AC725137EB9,CHRL - Travis Rice,High Elevation Wx,,2021-04-28 10:20:00,Vancouver Island,,,,Cain Ridge Runner,,,,,Tk gf,yes,no,no,no,no,no,no,yes,no,Rainy,202,10:38:00,0,4,2021-04-28 10:39:55,290,0,0,0,0,1,0,0,0,,10:42:00,4 minutes,"No scale, use 1 5 10 as average. Snow brought down in bag depth only for remainder",,,,,,,,,,,,,,,,,,,,,,,,,,,,,,,,,,,,,,FTS,Usb,,,,,,,,,,,,,,,,,,,,https://drive.google.com/uc?id=1bw_QXdMpAB3jtlzQHd1cIqt0Aec1HC7j,,,,Bring lock. Snowmobile tracks next to station,10:44:00
57198039,2021-04-28 17:45:01 -07:00,iPad_186771EF-CF83-474C-B7BE-2AC725137EB9,CHRL - Travis Rice,High Elevation Wx,,2021-04-28 10:20:00,Vancouver Island,,,,Cain Ridge Runner,,,,,Tk gf,yes,no,no,no,no,no,no,yes,no,Rainy,202,10:38:00,0,6,2021-04-28 10:40:24,292,0,0,0,0,1,0,0,0,,10:42:00,4 minutes,"No scale, use 1 5 10 as average. Snow brought down in bag depth only for remainder",,,,,,,,,,,,,,,,,,,,,,,,,,,,,,,,,,,,,,FTS,Usb,,,,,,,,,,,,,,,,,,,,https://drive.google.com/uc?id=1bw_QXdMpAB3jtlzQHd1cIqt0Aec1HC7j,,,,Bring lock. Snowmobile tracks next to station,10:44:00
57198039,2021-04-28 17:45:01 -07:00,iPad_186771EF-CF83-474C-B7BE-2AC725137EB9,CHRL - Travis Rice,High Elevation Wx,,2021-04-28 10:20:00,Vancouver Island,,,,Cain Ridge Runner,,,,,Tk gf,yes,no,no,no,no,no,no,yes,no,Rainy,202,10:38:00,0,7,2021-04-28 10:40:59,268,0,0,0,0,1,0,0,0,,10:42:00,4 minutes,"No scale, use 1 5 10 as average. Snow brought down in bag depth only for remainder",,,,,,,,,,,,,,,,,,,,,,,,,,,,,,,,,,,,,,FTS,Usb,,,,,,,,,,,,,,,,,,,,https://drive.google.com/uc?id=1bw_QXdMpAB3jtlzQHd1cIqt0Aec1HC7j,,,,Bring lock. Snowmobile tracks next to station,10:44:00
57198039,2021-04-28 17:45:01 -07:00,iPad_186771EF-CF83-474C-B7BE-2AC725137EB9,CHRL - Travis Rice,High Elevation Wx,,2021-04-28 10:20:00,Vancouver Island,,,,Cain Ridge Runner,,,,,Tk gf,yes,no,no,no,no,no,no,yes,no,Rainy,202,10:38:00,0,8,2021-04-28 10:41:14,301,0,0,0,0,1,0,0,0,,10:42:00,4 minutes,"No scale, use 1 5 10 as average. Snow brought down in bag depth only for remainder",,,,,,,,,,,,,,,,,,,,,,,,,,,,,,,,,,,,,,FTS,Usb,,,,,,,,,,,,,,,,,,,,https://drive.google.com/uc?id=1bw_QXdMpAB3jtlzQHd1cIqt0Aec1HC7j,,,,Bring lock. Snowmobile tracks next to station,10:44:00
57198039,2021-04-28 17:45:01 -07:00,iPad_186771EF-CF83-474C-B7BE-2AC725137EB9,CHRL - Travis Rice,High Elevation Wx,,2021-04-28 10:20:00,Vancouver Island,,,,Cain Ridge Runner,,,,,Tk gf,yes,no,no,no,no,no,no,yes,no,Rainy,202,10:38:00,0,9,2021-04-28 10:41:43,301,0,0,0,0,1,0,0,0,,10:42:00,4 minutes,"No scale, use 1 5 10 as average. Snow brought down in bag depth only for remainder",,,,,,,,,,,,,,,,,,,,,,,,,,,,,,,,,,,,,,FTS,Usb,,,,,,,,,,,,,,,,,,,,https://drive.google.com/uc?id=1bw_QXdMpAB3jtlzQHd1cIqt0Aec1HC7j,,,,Bring lock. Snowmobile tracks next to station,10:44:00
57198039,2021-04-28 17:45:01 -07:00,iPad_186771EF-CF83-474C-B7BE-2AC725137EB9,CHRL - Travis Rice,High Elevation Wx,,2021-04-28 10:20:00,Vancouver Island,,,,Cain Ridge Runner,,,,,Tk gf,yes,no,no,no,no,no,no,yes,no,Rainy,202,10:38:00,0,11,2021-04-28 17:33:50,785,721,1,3880,3880,3,91.85,280.019,0.357,Super core is 1 5 10 all added,10:42:00,4 minutes,"No scale, use 1 5 10 as average. Snow brought down in bag depth only for remainder",,,,,,,,,,,,,,,,,,,,,,,,,,,,,,,,,,,,,,FTS,Usb,,,,,,,,,,,,,,,,,,,,https://drive.google.com/uc?id=1bw_QXdMpAB3jtlzQHd1cIqt0Aec1HC7j,,,,Bring lock. Snowmobile tracks next to station,10:44:00
57198045,2021-04-28 17:45:37 -07:00,iPad_186771EF-CF83-474C-B7BE-2AC725137EB9,CHRL - Travis Rice,Russell Creek,,2021-04-26 14:50:00,,,,,,Steph 2,,,,Td,yes,,,,,,,,,Sun and cloud; warm,162,14:52:00,0,1,2021-04-26 14:53:05,187,168,0,930,930,5,89.84,67.118,0.359,,15:15:00,23 minutes,,https://drive.google.com/uc?id=10sh2nHoTbkmX5WD3ZSFySz3uczXjZs_M,,,,,,,,,,,,,,,,,,,,,,,,,,,,,,,,,,,,,,,,,,,,,,,,,,,,,,,,,,,,,,,
57198045,2021-04-28 17:45:37 -07:00,iPad_186771EF-CF83-474C-B7BE-2AC725137EB9,CHRL - Travis Rice,Russell Creek,,2021-04-26 14:50:00,,,,,,Steph 2,,,,Td,yes,,,,,,,,,Sun and cloud; warm,162,14:52:00,0,2,2021-04-26 14:58:44,186,165,0,910,910,5,88.71,65.674,0.353,,15:15:00,23 minutes,,https://drive.google.com/uc?id=10sh2nHoTbkmX5WD3ZSFySz3uczXjZs_M,,,,,,,,,,,,,,,,,,,,,,,,,,,,,,,,,,,,,,,,,,,,,,,,,,,,,,,,,,,,,,,
57198045,2021-04-28 17:45:37 -07:00,iPad_186771EF-CF83-474C-B7BE-2AC725137EB9,CHRL - Travis Rice,Russell Creek,,2021-04-26 14:50:00,,,,,,Steph 2,,,,Td,yes,,,,,,,,,Sun and cloud; warm,162,14:52:00,0,3,2021-04-26 15:00:50,189,169,0,970,970,5,89.42,70.005,0.37,,15:15:00,23 minutes,,https://drive.google.com/uc?id=10sh2nHoTbkmX5WD3ZSFySz3uczXjZs_M,,,,,,,,,,,,,,,,,,,,,,,,,,,,,,,,,,,,,,,,,,,,,,,,,,,,,,,,,,,,,,,
57198045,2021-04-28 17:45:37 -07:00,iPad_186771EF-CF83-474C-B7BE-2AC725137EB9,CHRL - Travis Rice,Russell Creek,,2021-04-26 14:50:00,,,,,,Steph 2,,,,Td,yes,,,,,,,,,Sun and cloud; warm,162,14:52:00,0,4,2021-04-26 15:03:10,195,183,0,960,960,5,93.85,69.283,0.355,,15:15:00,23 minutes,,https://drive.google.com/uc?id=10sh2nHoTbkmX5WD3ZSFySz3uczXjZs_M,,,,,,,,,,,,,,,,,,,,,,,,,,,,,,,,,,,,,,,,,,,,,,,,,,,,,,,,,,,,,,,
57198045,2021-04-28 17:45:37 -07:00,iPad_186771EF-CF83-474C-B7BE-2AC725137EB9,CHRL - Travis Rice,Russell Creek,,2021-04-26 14:50:00,,,,,,Steph 2,,,,Td,yes,,,,,,,,,Sun and cloud; warm,162,14:52:00,0,5,2021-04-26 15:04:34,199,176,0,980,980,5,88.44,70.726,0.355,,15:15:00,23 minutes,,https://drive.google.com/uc?id=10sh2nHoTbkmX5WD3ZSFySz3uczXjZs_M,,,,,,,,,,,,,,,,,,,,,,,,,,,,,,,,,,,,,,,,,,,,,,,,,,,,,,,,,,,,,,,
57198045,2021-04-28 17:45:37 -07:00,iPad_186771EF-CF83-474C-B7BE-2AC725137EB9,CHRL - Travis Rice,Russell Creek,,2021-04-26 14:50:00,,,,,,Steph 2,,,,Td,yes,,,,,,,,,Sun and cloud; warm,162,14:52:00,0,6,2021-04-26 15:06:57,196,184,0,990,990,5,93.88,71.448,0.365,,15:15:00,23 minutes,,https://drive.google.com/uc?id=10sh2nHoTbkmX5WD3ZSFySz3uczXjZs_M,,,,,,,,,,,,,,,,,,,,,,,,,,,,,,,,,,,,,,,,,,,,,,,,,,,,,,,,,,,,,,,
57198045,2021-04-28 17:45:37 -07:00,iPad_186771EF-CF83-474C-B7BE-2AC725137EB9,CHRL - Travis Rice,Russell Creek,,2021-04-26 14:50:00,,,,,,Steph 2,,,,Td,yes,,,,,,,,,Sun and cloud; warm,162,14:52:00,0,7,2021-04-26 15:08:43,194,174,0,1020,1020,5,89.69,73.613,0.379,,15:15:00,23 minutes,,https://drive.google.com/uc?id=10sh2nHoTbkmX5WD3ZSFySz3uczXjZs_M,,,,,,,,,,,,,,,,,,,,,,,,,,,,,,,,,,,,,,,,,,,,,,,,,,,,,,,,,,,,,,,
57198045,2021-04-28 17:45:37 -07:00,iPad_186771EF-CF83-474C-B7BE-2AC725137EB9,CHRL - Travis Rice,Russell Creek,,2021-04-26 14:50:00,,,,,,Steph 2,,,,Td,yes,,,,,,,,,Sun and cloud; warm,162,14:52:00,0,8,2021-04-26 15:10:56,198,174,0,1010,1010,5,87.88,72.891,0.368,,15:15:00,23 minutes,,https://drive.google.com/uc?id=10sh2nHoTbkmX5WD3ZSFySz3uczXjZs_M,,,,,,,,,,,,,,,,,,,,,,,,,,,,,,,,,,,,,,,,,,,,,,,,,,,,,,,,,,,,,,,
57198045,2021-04-28 17:45:37 -07:00,iPad_186771EF-CF83-474C-B7BE-2AC725137EB9,CHRL - Travis Rice,Russell Creek,,2021-04-26 14:50:00,,,,,,Steph 2,,,,Td,yes,,,,,,,,,Sun and cloud; warm,162,14:52:00,0,9,2021-04-26 15:12:24,194,166,0,1000,1000,5,85.57,72.17,0.372,,15:15:00,23 minutes,,https://drive.google.com/uc?id=10sh2nHoTbkmX5WD3ZSFySz3uczXjZs_M,,,,,,,,,,,,,,,,,,,,,,,,,,,,,,,,,,,,,,,,,,,,,,,,,,,,,,,,,,,,,,,
57198045,2021-04-28 17:45:37 -07:00,iPad_186771EF-CF83-474C-B7BE-2AC725137EB9,CHRL - Travis Rice,Russell Creek,,2021-04-26 14:50:00,,,,,,Steph 2,,,,Td,yes,,,,,,,,,Sun and cloud; warm,162,14:52:00,0,10,2021-04-26 15:14:03,189,180,0,1040,1040,5,95.24,75.057,0.397,,15:15:00,23 minutes,,https://drive.google.com/uc?id=10sh2nHoTbkmX5WD3ZSFySz3uczXjZs_M,,,,,,,,,,,,,,,,,,,,,,,,,,,,,,,,,,,,,,,,,,,,,,,,,,,,,,,,,,,,,,,
57198106,2021-04-28 17:52:18 -07:00,iPad_186771EF-CF83-474C-B7BE-2AC725137EB9,CHRL - Travis Rice,High Elevation Wx,,2021-04-28 9:56:00,Vancouver Island,,,,Lower Cain,,,,,Tk gf,yes,no,no,no,no,no,no,yes,no,Rain,206,9:57:00,0,1,2021-04-28 9:57:29,193,0,0,0,0,5,0,0,0,,10:02:00,5 minutes,Trevor has got both scales,,,,,,,,,,,,,,,,,,,,,,,,,,,,,,,,,,,,,,,,,,,,,,,,,,,,,,,,,,,,,,,,10:03:00
57198106,2021-04-28 17:52:18 -07:00,iPad_186771EF-CF83-474C-B7BE-2AC725137EB9,CHRL - Travis Rice,High Elevation Wx,,2021-04-28 9:56:00,Vancouver Island,,,,Lower Cain,,,,,Tk gf,yes,no,no,no,no,no,no,yes,no,Rain,206,9:57:00,0,2,2021-04-28 9:57:59,185,0,0,0,0,5,0,0,0,,10:02:00,5 minutes,Trevor has got both scales,,,,,,,,,,,,,,,,,,,,,,,,,,,,,,,,,,,,,,,,,,,,,,,,,,,,,,,,,,,,,,,,10:03:00
57198106,2021-04-28 17:52:18 -07:00,iPad_186771EF-CF83-474C-B7BE-2AC725137EB9,CHRL - Travis Rice,High Elevation Wx,,2021-04-28 9:56:00,Vancouver Island,,,,Lower Cain,,,,,Tk gf,yes,no,no,no,no,no,no,yes,no,Rain,206,9:57:00,0,3,2021-04-28 9:58:21,176,0,0,0,0,5,0,0,0,,10:02:00,5 minutes,Trevor has got both scales,,,,,,,,,,,,,,,,,,,,,,,,,,,,,,,,,,,,,,,,,,,,,,,,,,,,,,,,,,,,,,,,10:03:00
57198106,2021-04-28 17:52:18 -07:00,iPad_186771EF-CF83-474C-B7BE-2AC725137EB9,CHRL - Travis Rice,High Elevation Wx,,2021-04-28 9:56:00,Vancouver Island,,,,Lower Cain,,,,,Tk gf,yes,no,no,no,no,no,no,yes,no,Rain,206,9:57:00,0,4,2021-04-28 9:58:44,177,0,0,0,0,5,0,0,0,,10:02:00,5 minutes,Trevor has got both scales,,,,,,,,,,,,,,,,,,,,,,,,,,,,,,,,,,,,,,,,,,,,,,,,,,,,,,,,,,,,,,,,10:03:00
57198106,2021-04-28 17:52:18 -07:00,iPad_186771EF-CF83-474C-B7BE-2AC725137EB9,CHRL - Travis Rice,High Elevation Wx,,2021-04-28 9:56:00,Vancouver Island,,,,Lower Cain,,,,,Tk gf,yes,no,no,no,no,no,no,yes,no,Rain,206,9:57:00,0,5,2021-04-28 9:59:09,191,0,0,0,0,5,0,0,0,,10:02:00,5 minutes,Trevor has got both scales,,,,,,,,,,,,,,,,,,,,,,,,,,,,,,,,,,,,,,,,,,,,,,,,,,,,,,,,,,,,,,,,10:03:00
57198106,2021-04-28 17:52:18 -07:00,iPad_186771EF-CF83-474C-B7BE-2AC725137EB9,CHRL - Travis Rice,High Elevation Wx,,2021-04-28 9:56:00,Vancouver Island,,,,Lower Cain,,,,,Tk gf,yes,no,no,no,no,no,no,yes,no,Rain,206,9:57:00,0,6,2021-04-28 9:59:21,196,0,0,0,0,5,0,0,0,,10:02:00,5 minutes,Trevor has got both scales,,,,,,,,,,,,,,,,,,,,,,,,,,,,,,,,,,,,,,,,,,,,,,,,,,,,,,,,,,,,,,,,10:03:00
57198106,2021-04-28 17:52:18 -07:00,iPad_186771EF-CF83-474C-B7BE-2AC725137EB9,CHRL - Travis Rice,High Elevation Wx,,2021-04-28 9:56:00,Vancouver Island,,,,Lower Cain,,,,,Tk gf,yes,no,no,no,no,no,no,yes,no,Rain,206,9:57:00,0,7,2021-04-28 9:59:57,192,0,0,0,0,5,0,0,0,,10:02:00,5 minutes,Trevor has got both scales,,,,,,,,,,,,,,,,,,,,,,,,,,,,,,,,,,,,,,,,,,,,,,,,,,,,,,,,,,,,,,,,10:03:00
57198106,2021-04-28 17:52:18 -07:00,iPad_186771EF-CF83-474C-B7BE-2AC725137EB9,CHRL - Travis Rice,High Elevation Wx,,2021-04-28 9:56:00,Vancouver Island,,,,Lower Cain,,,,,Tk gf,yes,no,no,no,no,no,no,yes,no,Rain,206,9:57:00,0,8,2021-04-28 10:01:33,197,0,0,0,0,5,0,0,0,,10:02:00,5 minutes,Trevor has got both scales,,,,,,,,,,,,,,,,,,,,,,,,,,,,,,,,,,,,,,,,,,,,,,,,,,,,,,,,,,,,,,,,10:03:00
57198106,2021-04-28 17:52:18 -07:00,iPad_186771EF-CF83-474C-B7BE-2AC725137EB9,CHRL - Travis Rice,High Elevation Wx,,2021-04-28 9:56:00,Vancouver Island,,,,Lower Cain,,,,,Tk gf,yes,no,no,no,no,no,no,yes,no,Rain,206,9:57:00,0,9,2021-04-28 10:01:50,184,0,0,0,0,5,0,0,0,,10:02:00,5 minutes,Trevor has got both scales,,,,,,,,,,,,,,,,,,,,,,,,,,,,,,,,,,,,,,,,,,,,,,,,,,,,,,,,,,,,,,,,10:03:00
57198106,2021-04-28 17:52:18 -07:00,iPad_186771EF-CF83-474C-B7BE-2AC725137EB9,CHRL - Travis Rice,High Elevation Wx,,2021-04-28 9:56:00,Vancouver Island,,,,Lower Cain,,,,,Tk gf,yes,no,no,no,no,no,no,yes,no,Rain,206,9:57:00,0,10,2021-04-28 10:02:01,166,0,0,0,0,5,0,0,0,,10:02:00,5 minutes,Trevor has got both scales,,,,,,,,,,,,,,,,,,,,,,,,,,,,,,,,,,,,,,,,,,,,,,,,,,,,,,,,,,,,,,,,10:03:00
57198125,2021-04-28 17:54:18 -07:00,iPad_186771EF-CF83-474C-B7BE-2AC725137EB9,CHRL - Travis Rice,Russell Creek,,2021-04-26 11:50:00,,,,,,Steph 6,,,,Tk gf ,yes,no,no,no,no,no,no,no,no,Cloudy ,88,11:52:00,2820,1,2021-04-26 11:52:19,109,96,0.1,3380,560,5,88.07,40.415,0.371,Going Down ,12:12:00,20 minutes,Going down,,,,,,,,,,,,,,,,,,,,,,,,,,,,,,,,,,,,,,,,,,,,,,,,,,,,,,,,,,,,,,,,
57198125,2021-04-28 17:54:18 -07:00,iPad_186771EF-CF83-474C-B7BE-2AC725137EB9,CHRL - Travis Rice,Russell Creek,,2021-04-26 11:50:00,,,,,,Steph 6,,,,Tk gf ,yes,no,no,no,no,no,no,no,no,Cloudy ,88,11:52:00,2820,2,2021-04-26 11:53:43,108,84,0,3330,510,5,77.78,36.807,0.341,,12:12:00,20 minutes,Going down,,,,,,,,,,,,,,,,,,,,,,,,,,,,,,,,,,,,,,,,,,,,,,,,,,,,,,,,,,,,,,,,
57198125,2021-04-28 17:54:18 -07:00,iPad_186771EF-CF83-474C-B7BE-2AC725137EB9,CHRL - Travis Rice,Russell Creek,,2021-04-26 11:50:00,,,,,,Steph 6,,,,Tk gf ,yes,no,no,no,no,no,no,no,no,Cloudy ,88,11:52:00,2820,3,2021-04-26 11:54:25,96,77,0,3310,490,5,80.21,35.363,0.368,,12:12:00,20 minutes,Going down,,,,,,,,,,,,,,,,,,,,,,,,,,,,,,,,,,,,,,,,,,,,,,,,,,,,,,,,,,,,,,,,
57198125,2021-04-28 17:54:18 -07:00,iPad_186771EF-CF83-474C-B7BE-2AC725137EB9,CHRL - Travis Rice,Russell Creek,,2021-04-26 11:50:00,,,,,,Steph 6,,,,Tk gf ,yes,no,no,no,no,no,no,no,no,Cloudy ,88,11:52:00,2820,3,2021-04-26 11:55:30,94,80,0,3260,440,5,85.11,31.755,0.338,,12:12:00,20 minutes,Going down,,,,,,,,,,,,,,,,,,,,,,,,,,,,,,,,,,,,,,,,,,,,,,,,,,,,,,,,,,,,,,,,
57198125,2021-04-28 17:54:18 -07:00,iPad_186771EF-CF83-474C-B7BE-2AC725137EB9,CHRL - Travis Rice,Russell Creek,,2021-04-26 11:50:00,,,,,,Steph 6,,,,Tk gf ,yes,no,no,no,no,no,no,no,no,Cloudy ,88,11:52:00,2820,4,2021-04-26 11:56:18,92,83,1,3280,460,5,90.22,33.198,0.365,,12:12:00,20 minutes,Going down,,,,,,,,,,,,,,,,,,,,,,,,,,,,,,,,,,,,,,,,,,,,,,,,,,,,,,,,,,,,,,,,
57198125,2021-04-28 17:54:18 -07:00,iPad_186771EF-CF83-474C-B7BE-2AC725137EB9,CHRL - Travis Rice,Russell Creek,,2021-04-26 11:50:00,,,,,,Steph 6,,,,Tk gf ,yes,no,no,no,no,no,no,no,no,Cloudy ,88,11:52:00,2820,5,2021-04-26 11:57:29,93,77,0,3290,470,5,82.8,33.92,0.365,,12:12:00,20 minutes,Going down,,,,,,,,,,,,,,,,,,,,,,,,,,,,,,,,,,,,,,,,,,,,,,,,,,,,,,,,,,,,,,,,
57198125,2021-04-28 17:54:18 -07:00,iPad_186771EF-CF83-474C-B7BE-2AC725137EB9,CHRL - Travis Rice,Russell Creek,,2021-04-26 11:50:00,,,,,,Steph 6,,,,Tk gf ,yes,no,no,no,no,no,no,no,no,Cloudy ,88,11:52:00,2820,6,2021-04-26 11:58:50,87,73,0,3190,370,5,83.91,26.703,0.307,,12:12:00,20 minutes,Going down,,,,,,,,,,,,,,,,,,,,,,,,,,,,,,,,,,,,,,,,,,,,,,,,,,,,,,,,,,,,,,,,
57198125,2021-04-28 17:54:18 -07:00,iPad_186771EF-CF83-474C-B7BE-2AC725137EB9,CHRL - Travis Rice,Russell Creek,,2021-04-26 11:50:00,,,,,,Steph 6,,,,Tk gf ,yes,no,no,no,no,no,no,no,no,Cloudy ,88,11:52:00,2820,7,2021-04-26 11:59:48,91,80,0,3310,490,5,87.91,35.363,0.389,,12:12:00,20 minutes,Going down,,,,,,,,,,,,,,,,,,,,,,,,,,,,,,,,,,,,,,,,,,,,,,,,,,,,,,,,,,,,,,,,
57198125,2021-04-28 17:54:18 -07:00,iPad_186771EF-CF83-474C-B7BE-2AC725137EB9,CHRL - Travis Rice,Russell Creek,,2021-04-26 11:50:00,,,,,,Steph 6,,,,Tk gf ,yes,no,no,no,no,no,no,no,no,Cloudy ,88,11:52:00,2820,8,2021-04-26 12:00:54,86,74,0,3290,470,5,86.05,33.92,0.394,,12:12:00,20 minutes,Going down,,,,,,,,,,,,,,,,,,,,,,,,,,,,,,,,,,,,,,,,,,,,,,,,,,,,,,,,,,,,,,,,
57198125,2021-04-28 17:54:18 -07:00,iPad_186771EF-CF83-474C-B7BE-2AC725137EB9,CHRL - Travis Rice,Russell Creek,,2021-04-26 11:50:00,,,,,,Steph 6,,,,Tk gf ,yes,no,no,no,no,no,no,no,no,Cloudy ,88,11:52:00,2820,9,2021-04-26 12:02:16,84,75,1,3290,470,5,89.29,33.92,0.409,,12:12:00,20 minutes,Going down,,,,,,,,,,,,,,,,,,,,,,,,,,,,,,,,,,,,,,,,,,,,,,,,,,,,,,,,,,,,,,,,
57198125,2021-04-28 17:54:18 -07:00,iPad_186771EF-CF83-474C-B7BE-2AC725137EB9,CHRL - Travis Rice,Russell Creek,,2021-04-26 11:50:00,,,,,,Steph 6,,,,Tk gf ,yes,no,no,no,no,no,no,no,no,Cloudy ,88,11:52:00,2820,10,2021-04-26 12:04:00,79,65,0,3220,400,5,82.28,28.868,0.365,,12:12:00,20 minutes,Going down,,,,,,,,,,,,,,,,,,,,,,,,,,,,,,,,,,,,,,,,,,,,,,,,,,,,,,,,,,,,,,,,
57198135,2021-04-28 17:54:46 -07:00,iPad_186771EF-CF83-474C-B7BE-2AC725137EB9,CHRL - Travis Rice,Russell Creek,,2021-04-26 12:26:00,,,,,,Steph 4,,,,Gf tk ,yes,no,no,no,no,no,no,no,no,Cloudy,87,12:27:00,2780,1,2021-04-26 12:28:15,93,77,0,3180,400,5,82.8,28.868,0.31,,12:40:00,13 minutes,Going down,,,,,,,,,,,,,,,,,,,,,,,,,,,,,,,,,,,,,,,,,,,,,,,,,,,,,,,,,,,,,,,,12:41:00
57198135,2021-04-28 17:54:46 -07:00,iPad_186771EF-CF83-474C-B7BE-2AC725137EB9,CHRL - Travis Rice,Russell Creek,,2021-04-26 12:26:00,,,,,,Steph 4,,,,Gf tk ,yes,no,no,no,no,no,no,no,no,Cloudy,87,12:27:00,2780,2,2021-04-26 12:29:35,95,79,0,3160,380,5,83.16,27.425,0.289,,12:40:00,13 minutes,Going down,,,,,,,,,,,,,,,,,,,,,,,,,,,,,,,,,,,,,,,,,,,,,,,,,,,,,,,,,,,,,,,,12:41:00
57198135,2021-04-28 17:54:46 -07:00,iPad_186771EF-CF83-474C-B7BE-2AC725137EB9,CHRL - Travis Rice,Russell Creek,,2021-04-26 12:26:00,,,,,,Steph 4,,,,Gf tk ,yes,no,no,no,no,no,no,no,no,Cloudy,87,12:27:00,2780,3,2021-04-26 12:30:58,95,86,0,3210,430,5,90.53,31.033,0.327,,12:40:00,13 minutes,Going down,,,,,,,,,,,,,,,,,,,,,,,,,,,,,,,,,,,,,,,,,,,,,,,,,,,,,,,,,,,,,,,,12:41:00
57198135,2021-04-28 17:54:46 -07:00,iPad_186771EF-CF83-474C-B7BE-2AC725137EB9,CHRL - Travis Rice,Russell Creek,,2021-04-26 12:26:00,,,,,,Steph 4,,,,Gf tk ,yes,no,no,no,no,no,no,no,no,Cloudy,87,12:27:00,2780,4,2021-04-26 12:32:20,102,93,5,3130,350,5,91.18,25.259,0.26,,12:40:00,13 minutes,Going down,,,,,,,,,,,,,,,,,,,,,,,,,,,,,,,,,,,,,,,,,,,,,,,,,,,,,,,,,,,,,,,,12:41:00
57198135,2021-04-28 17:54:46 -07:00,iPad_186771EF-CF83-474C-B7BE-2AC725137EB9,CHRL - Travis Rice,Russell Creek,,2021-04-26 12:26:00,,,,,,Steph 4,,,,Gf tk ,yes,no,no,no,no,no,no,no,no,Cloudy,87,12:27:00,2780,5,2021-04-26 12:33:59,105,82,0,3160,380,5,78.1,27.425,0.261,,12:40:00,13 minutes,Going down,,,,,,,,,,,,,,,,,,,,,,,,,,,,,,,,,,,,,,,,,,,,,,,,,,,,,,,,,,,,,,,,12:41:00
57198135,2021-04-28 17:54:46 -07:00,iPad_186771EF-CF83-474C-B7BE-2AC725137EB9,CHRL - Travis Rice,Russell Creek,,2021-04-26 12:26:00,,,,,,Steph 4,,,,Gf tk ,yes,no,no,no,no,no,no,no,no,Cloudy,87,12:27:00,2780,6,2021-04-26 12:35:09,105,90,0,3190,410,5,85.71,29.59,0.282,,12:40:00,13 minutes,Going down,,,,,,,,,,,,,,,,,,,,,,,,,,,,,,,,,,,,,,,,,,,,,,,,,,,,,,,,,,,,,,,,12:41:00
57198135,2021-04-28 17:54:46 -07:00,iPad_186771EF-CF83-474C-B7BE-2AC725137EB9,CHRL - Travis Rice,Russell Creek,,2021-04-26 12:26:00,,,,,,Steph 4,,,,Gf tk ,yes,no,no,no,no,no,no,no,no,Cloudy,87,12:27:00,2780,7,2021-04-26 12:36:02,106,94,0,3250,470,5,88.68,33.92,0.32,,12:40:00,13 minutes,Going down,,,,,,,,,,,,,,,,,,,,,,,,,,,,,,,,,,,,,,,,,,,,,,,,,,,,,,,,,,,,,,,,12:41:00
57198135,2021-04-28 17:54:46 -07:00,iPad_186771EF-CF83-474C-B7BE-2AC725137EB9,CHRL - Travis Rice,Russell Creek,,2021-04-26 12:26:00,,,,,,Steph 4,,,,Gf tk ,yes,no,no,no,no,no,no,no,no,Cloudy,87,12:27:00,2780,8,2021-04-26 12:36:54,105,91,0,3230,450,5,86.67,32.476,0.309,,12:40:00,13 minutes,Going down,,,,,,,,,,,,,,,,,,,,,,,,,,,,,,,,,,,,,,,,,,,,,,,,,,,,,,,,,,,,,,,,12:41:00
57198135,2021-04-28 17:54:46 -07:00,iPad_186771EF-CF83-474C-B7BE-2AC725137EB9,CHRL - Travis Rice,Russell Creek,,2021-04-26 12:26:00,,,,,,Steph 4,,,,Gf tk ,yes,no,no,no,no,no,no,no,no,Cloudy,87,12:27:00,2780,9,2021-04-26 12:37:28,101,89,2,3240,460,5,88.12,33.198,0.335,,12:40:00,13 minutes,Going down,,,,,,,,,,,,,,,,,,,,,,,,,,,,,,,,,,,,,,,,,,,,,,,,,,,,,,,,,,,,,,,,12:41:00
57198135,2021-04-28 17:54:46 -07:00,iPad_186771EF-CF83-474C-B7BE-2AC725137EB9,CHRL - Travis Rice,Russell Creek,,2021-04-26 12:26:00,,,,,,Steph 4,,,,Gf tk ,yes,no,no,no,no,no,no,no,no,Cloudy,87,12:27:00,2780,10,2021-04-26 12:38:24,109,96,0,3300,520,5,88.07,37.528,0.344,,12:40:00,13 minutes,Going down,,,,,,,,,,,,,,,,,,,,,,,,,,,,,,,,,,,,,,,,,,,,,,,,,,,,,,,,,,,,,,,,12:41:00
57198138,2021-04-28 17:55:04 -07:00,iPad_186771EF-CF83-474C-B7BE-2AC725137EB9,CHRL - Travis Rice,Russell Creek,,2021-04-26 12:50:00,,,,,,Steph 3,,,,Gf tk,yes,no,no,no,no,no,no,no,no,Cloudy,76,12:51:00,2790,1,2021-04-26 12:51:25,64,63,0,3060,270,5,98.44,19.486,0.304,,13:00:00,9 minutes,,,,,,,,,,,,,,,,,,,,,,,,,,,,,,,,,,,,,,,,,,,,,,,,,,,,,,,,,,,,,,,,,
57198138,2021-04-28 17:55:04 -07:00,iPad_186771EF-CF83-474C-B7BE-2AC725137EB9,CHRL - Travis Rice,Russell Creek,,2021-04-26 12:50:00,,,,,,Steph 3,,,,Gf tk,yes,no,no,no,no,no,no,no,no,Cloudy,76,12:51:00,2790,2,2021-04-26 12:52:41,100,79,0,3170,380,5,79,27.425,0.274,Hollow,13:00:00,9 minutes,,,,,,,,,,,,,,,,,,,,,,,,,,,,,,,,,,,,,,,,,,,,,,,,,,,,,,,,,,,,,,,,,
57198138,2021-04-28 17:55:04 -07:00,iPad_186771EF-CF83-474C-B7BE-2AC725137EB9,CHRL - Travis Rice,Russell Creek,,2021-04-26 12:50:00,,,,,,Steph 3,,,,Gf tk,yes,no,no,no,no,no,no,no,no,Cloudy,76,12:51:00,2790,3,2021-04-26 12:53:42,97,84,0,3220,430,5,86.6,31.033,0.32,,13:00:00,9 minutes,,,,,,,,,,,,,,,,,,,,,,,,,,,,,,,,,,,,,,,,,,,,,,,,,,,,,,,,,,,,,,,,,
57198138,2021-04-28 17:55:04 -07:00,iPad_186771EF-CF83-474C-B7BE-2AC725137EB9,CHRL - Travis Rice,Russell Creek,,2021-04-26 12:50:00,,,,,,Steph 3,,,,Gf tk,yes,no,no,no,no,no,no,no,no,Cloudy,76,12:51:00,2790,4,2021-04-26 12:54:15,89,75,0,3200,410,5,84.27,29.59,0.332,,13:00:00,9 minutes,,,,,,,,,,,,,,,,,,,,,,,,,,,,,,,,,,,,,,,,,,,,,,,,,,,,,,,,,,,,,,,,,
57198138,2021-04-28 17:55:04 -07:00,iPad_186771EF-CF83-474C-B7BE-2AC725137EB9,CHRL - Travis Rice,Russell Creek,,2021-04-26 12:50:00,,,,,,Steph 3,,,,Gf tk,yes,no,no,no,no,no,no,no,no,Cloudy,76,12:51:00,2790,5,2021-04-26 12:55:11,89,76,0,3200,410,5,85.39,29.59,0.332,,13:00:00,9 minutes,,,,,,,,,,,,,,,,,,,,,,,,,,,,,,,,,,,,,,,,,,,,,,,,,,,,,,,,,,,,,,,,,
57198138,2021-04-28 17:55:04 -07:00,iPad_186771EF-CF83-474C-B7BE-2AC725137EB9,CHRL - Travis Rice,Russell Creek,,2021-04-26 12:50:00,,,,,,Steph 3,,,,Gf tk,yes,no,no,no,no,no,no,no,no,Cloudy,76,12:51:00,2790,6,2021-04-26 12:55:53,80,69,0,3120,330,5,86.25,23.816,0.298,,13:00:00,9 minutes,,,,,,,,,,,,,,,,,,,,,,,,,,,,,,,,,,,,,,,,,,,,,,,,,,,,,,,,,,,,,,,,,
57198138,2021-04-28 17:55:04 -07:00,iPad_186771EF-CF83-474C-B7BE-2AC725137EB9,CHRL - Travis Rice,Russell Creek,,2021-04-26 12:50:00,,,,,,Steph 3,,,,Gf tk,yes,no,no,no,no,no,no,no,no,Cloudy,76,12:51:00,2790,7,2021-04-26 12:57:10,80,77,0,3160,370,5,96.25,26.703,0.334,,13:00:00,9 minutes,,,,,,,,,,,,,,,,,,,,,,,,,,,,,,,,,,,,,,,,,,,,,,,,,,,,,,,,,,,,,,,,,
57198138,2021-04-28 17:55:04 -07:00,iPad_186771EF-CF83-474C-B7BE-2AC725137EB9,CHRL - Travis Rice,Russell Creek,,2021-04-26 12:50:00,,,,,,Steph 3,,,,Gf tk,yes,no,no,no,no,no,no,no,no,Cloudy,76,12:51:00,2790,8,2021-04-26 12:57:57,76,64,0,3100,310,5,84.21,22.373,0.294,,13:00:00,9 minutes,,,,,,,,,,,,,,,,,,,,,,,,,,,,,,,,,,,,,,,,,,,,,,,,,,,,,,,,,,,,,,,,,
57198138,2021-04-28 17:55:04 -07:00,iPad_186771EF-CF83-474C-B7BE-2AC725137EB9,CHRL - Travis Rice,Russell Creek,,2021-04-26 12:50:00,,,,,,Steph 3,,,,Gf tk,yes,no,no,no,no,no,no,no,no,Cloudy,76,12:51:00,2790,9,2021-04-26 12:58:41,76,69,0,3100,310,5,90.79,22.373,0.294,,13:00:00,9 minutes,,,,,,,,,,,,,,,,,,,,,,,,,,,,,,,,,,,,,,,,,,,,,,,,,,,,,,,,,,,,,,,,,
57198138,2021-04-28 17:55:04 -07:00,iPad_186771EF-CF83-474C-B7BE-2AC725137EB9,CHRL - Travis Rice,Russell Creek,,2021-04-26 12:50:00,,,,,,Steph 3,,,,Gf tk,yes,no,no,no,no,no,no,no,no,Cloudy,76,12:51:00,2790,10,2021-04-26 12:59:27,74,61,1,3140,350,5,82.43,25.259,0.346,,13:00:00,9 minutes,,,,,,,,,,,,,,,,,,,,,,,,,,,,,,,,,,,,,,,,,,,,,,,,,,,,,,,,,,,,,,,,,
57825995,2021-05-15 15:36:55 -07:00,iPad_186771EF-CF83-474C-B7BE-2AC725137EB9,CHRL - Travis Rice,Russell Creek,,2021-05-15 14:05:00,,,,,,Auto-salt upstream,,,,Gf,no,no,no,no,no,,no,yes,yes,,,,,,,,,,,,,,,,,,,,,,,,,,,,,,,,,,,,,,,,,,,,,,,,,,,,,,,,,Campbell Scientific,Toigh2,Also a new program made by gf to include 20cm gauge dump,,,,,,,,,,,,,,,,,,,,,,,"Gf has photos on phone, plans to upload later",14:36:00
57825997,2021-05-15 15:45:59 -07:00,iPad_186771EF-CF83-474C-B7BE-2AC725137EB9,CHRL - Travis Rice,Russell Creek,,2021-05-15 15:45:00,,,,,,Steph 6,,,,Gf,,,,,,,,,,,,,,,,,,,,,,,,,,,,,,,,,,,,,,,,,,,,,,,,,,,,,,,,,,,,,,,,,,,,,,,,,,,,,,,,,,,,,,,,,,,A432 lock installed,15:45:00
57826004,2021-05-15 16:25:56 -07:00,iPad_186771EF-CF83-474C-B7BE-2AC725137EB9,CHRL - Travis Rice,Russell Creek,,2021-05-15 16:24:00,,,,,,Steph 8,,,,Gf,,,,,,,,yes,,,,,,,,,,,,,,,,,,,,,,,,,,,,,,,,,,,,,,,,,,,,,,,,,,,,,,,,,,HOBO,Tough2,,,,,,,,,,,,,,,,,,,,https://drive.google.com/uc?id=1L7Lfhc2wtCHYF71UHwcHsdYRYYNNyVyQ,Elk ruined lysimeter and pulled judd cord off,,,,
57826002,2021-05-15 16:53:00 -07:00,iPad_186771EF-CF83-474C-B7BE-2AC725137EB9,CHRL - Travis Rice,Russell Creek,,2021-05-15 16:38:00,,,,,,Upper Russell,,,,Gf,,,,,,,,yes,,,,,,,,,,,,,,,,,,,,,,,,,,,,,,,,,,,,,,,,,,,,,,,,,,,,,,,,,,,,,,,,,,,,,,,,,,,,,,,https://drive.google.com/uc?id=1cQU3-bJuEPnNe0HMELhj1MZvS33WsVbt,,,,"Creek depth from staff gauge 0.6 but 0.31cm on logger. See photo1
Precip gauge measured is 1665mm from top of 2075 pipe = 410 but 382mm on logger",16:52:00
57826002,2021-05-15 16:53:00 -07:00,iPad_186771EF-CF83-474C-B7BE-2AC725137EB9,CHRL - Travis Rice,Russell Creek,,2021-05-15 16:38:00,,,,,,Upper Russell,,,,Gf,,,,,,,,yes,,,,,,,,,,,,,,,,,,,,,,,,,,,,,,,,,,,,,,,,,,,,,,,,,,,,,,,,,,,,,,,,,,,,,,,,,,,,,,,https://drive.google.com/uc?id=10yTMLrdDusTyuKkb_v9ceccbUqkJKPde,,,,"Creek depth from staff gauge 0.6 but 0.31cm on logger. See photo1
Precip gauge measured is 1665mm from top of 2075 pipe = 410 but 382mm on logger",16:52:00
57826003,2021-05-15 15:42:20 -07:00,iPad_186771EF-CF83-474C-B7BE-2AC725137EB9,CHRL - Travis Rice,Russell Creek,,2021-05-15 15:37:00,,,,,,Auto-salt downstream,,,,Gf,,,,,,,,yes,,,,,,,,,,,,,,,,,,,,,,,,,,,,,,,,,,,,,,,,,,,,,,,,,,,,,,,,,,Campbell Scientific,Tough2,,,,,,,,,,,,,,,,,,,,https://drive.google.com/uc?id=1MOEUNkJhFRF67u3PNjePFDYSfokbGe_N,,,,,15:39:00
57826003,2021-05-15 15:42:20 -07:00,iPad_186771EF-CF83-474C-B7BE-2AC725137EB9,CHRL - Travis Rice,Russell Creek,,2021-05-15 15:37:00,,,,,,Auto-salt downstream,,,,Gf,,,,,,,,yes,,,,,,,,,,,,,,,,,,,,,,,,,,,,,,,,,,,,,,,,,,,,,,,,,,,,,,,,,,Campbell Scientific,Tough2,,,,,,,,,,,,,,,,,,,,https://drive.google.com/uc?id=1EXQ3a13y5JtZQ6RkYZuiHC82wGIt_Fx2,,,,,15:39:00
58195454,2021-05-20 10:11:08 -07:00,iPad_186771EF-CF83-474C-B7BE-2AC725137EB9,CHRL - Travis Rice,Russell Creek,,2021-05-14 14:23:00,,,,,,Steph 2,,,,Griffin randy,yes,,,,,,,,yes,"Clear, hot, calm",105,14:25:00,,1,2021-05-14 14:26:04,125,122,0,630,,5,97.6,,,,,,,,,,,,,,,,,,,,,,,,,,,,,,,,,,,,,,,,,,,,,,,,,,,,,,,,,,,,,,,,,,,,,Wx maintenance: installing lock A432 ,
58195454,2021-05-20 10:11:08 -07:00,iPad_186771EF-CF83-474C-B7BE-2AC725137EB9,CHRL - Travis Rice,Russell Creek,,2021-05-14 14:23:00,,,,,,Steph 2,,,,Griffin randy,yes,,,,,,,,yes,"Clear, hot, calm",105,14:25:00,,2,2021-05-14 14:29:00,136,118,0,580,,5,86.76,,,,,,,,,,,,,,,,,,,,,,,,,,,,,,,,,,,,,,,,,,,,,,,,,,,,,,,,,,,,,,,,,,,,,Wx maintenance: installing lock A432 ,
58195454,2021-05-20 10:11:08 -07:00,iPad_186771EF-CF83-474C-B7BE-2AC725137EB9,CHRL - Travis Rice,Russell Creek,,2021-05-14 14:23:00,,,,,,Steph 2,,,,Griffin randy,yes,,,,,,,,yes,"Clear, hot, calm",105,14:25:00,,3,2021-05-14 14:31:13,135,121,0,760,,5,89.63,,,,,,,,,,,,,,,,,,,,,,,,,,,,,,,,,,,,,,,,,,,,,,,,,,,,,,,,,,,,,,,,,,,,,Wx maintenance: installing lock A432 ,
58195454,2021-05-20 10:11:08 -07:00,iPad_186771EF-CF83-474C-B7BE-2AC725137EB9,CHRL - Travis Rice,Russell Creek,,2021-05-14 14:23:00,,,,,,Steph 2,,,,Griffin randy,yes,,,,,,,,yes,"Clear, hot, calm",105,14:25:00,,4,2021-05-14 14:32:11,133,126,0,720,,5,94.74,,,,,,,,,,,,,,,,,,,,,,,,,,,,,,,,,,,,,,,,,,,,,,,,,,,,,,,,,,,,,,,,,,,,,Wx maintenance: installing lock A432 ,
58195454,2021-05-20 10:11:08 -07:00,iPad_186771EF-CF83-474C-B7BE-2AC725137EB9,CHRL - Travis Rice,Russell Creek,,2021-05-14 14:23:00,,,,,,Steph 2,,,,Griffin randy,yes,,,,,,,,yes,"Clear, hot, calm",105,14:25:00,,5,2021-05-14 14:33:53,132,129,0,690,,5,97.73,,,,,,,,,,,,,,,,,,,,,,,,,,,,,,,,,,,,,,,,,,,,,,,,,,,,,,,,,,,,,,,,,,,,,Wx maintenance: installing lock A432 ,
58195454,2021-05-20 10:11:08 -07:00,iPad_186771EF-CF83-474C-B7BE-2AC725137EB9,CHRL - Travis Rice,Russell Creek,,2021-05-14 14:23:00,,,,,,Steph 2,,,,Griffin randy,yes,,,,,,,,yes,"Clear, hot, calm",105,14:25:00,,6,2021-05-14 14:35:40,133,130,0,700,,5,97.74,,,,,,,,,,,,,,,,,,,,,,,,,,,,,,,,,,,,,,,,,,,,,,,,,,,,,,,,,,,,,,,,,,,,,Wx maintenance: installing lock A432 ,
58195454,2021-05-20 10:11:08 -07:00,iPad_186771EF-CF83-474C-B7BE-2AC725137EB9,CHRL - Travis Rice,Russell Creek,,2021-05-14 14:23:00,,,,,,Steph 2,,,,Griffin randy,yes,,,,,,,,yes,"Clear, hot, calm",105,14:25:00,,7,2021-05-14 14:36:25,131,126,0,700,,5,96.18,,,,,,,,,,,,,,,,,,,,,,,,,,,,,,,,,,,,,,,,,,,,,,,,,,,,,,,,,,,,,,,,,,,,,Wx maintenance: installing lock A432 ,
58195454,2021-05-20 10:11:08 -07:00,iPad_186771EF-CF83-474C-B7BE-2AC725137EB9,CHRL - Travis Rice,Russell Creek,,2021-05-14 14:23:00,,,,,,Steph 2,,,,Griffin randy,yes,,,,,,,,yes,"Clear, hot, calm",105,14:25:00,,8,2021-05-14 14:37:45,135,130,0,670,,5,96.3,,,,,,,,,,,,,,,,,,,,,,,,,,,,,,,,,,,,,,,,,,,,,,,,,,,,,,,,,,,,,,,,,,,,,Wx maintenance: installing lock A432 ,
58195454,2021-05-20 10:11:08 -07:00,iPad_186771EF-CF83-474C-B7BE-2AC725137EB9,CHRL - Travis Rice,Russell Creek,,2021-05-14 14:23:00,,,,,,Steph 2,,,,Griffin randy,yes,,,,,,,,yes,"Clear, hot, calm",105,14:25:00,,10,2021-05-14 14:43:39,134,122,0,730,,5,91.04,,,,,,,,,,,,,,,,,,,,,,,,,,,,,,,,,,,,,,,,,,,,,,,,,,,,,,,,,,,,,,,,,,,,,Wx maintenance: installing lock A432 ,
58195454,2021-05-20 10:11:08 -07:00,iPad_186771EF-CF83-474C-B7BE-2AC725137EB9,CHRL - Travis Rice,Russell Creek,,2021-05-14 14:23:00,,,,,,Steph 2,,,,Griffin randy,yes,,,,,,,,yes,"Clear, hot, calm",105,14:25:00,,9c,2021-05-14 14:44:52,131,128,0,700,,5,97.71,,,,,,,,,,,,,,,,,,,,,,,,,,,,,,,,,,,,,,,,,,,,,,,,,,,,,,,,,,,,,,,,,,,,,Wx maintenance: installing lock A432 ,
58195465,2021-05-20 10:12:52 -07:00,iPad_186771EF-CF83-474C-B7BE-2AC725137EB9,CHRL - Travis Rice,High Elevation Wx,,2021-05-16 10:29:00,Vancouver Island,,,,Lower Cain,,,,,Gf,yes,,,,,,,,,Sun and cloud warm calm,151,10:30:00,2760,1,2021-05-16 10:33:53,124,100,2,3240,480,4,80.65,34.641,0.284,,10:57:00,27 minutes,,,,,,,,,,,,,,,,,,,,,,,,,,,,,,,,,,,,,,,,,,,,,,,,,,,,,,,,,,,,,,,,,10:58:00
58195465,2021-05-20 10:12:52 -07:00,iPad_186771EF-CF83-474C-B7BE-2AC725137EB9,CHRL - Travis Rice,High Elevation Wx,,2021-05-16 10:29:00,Vancouver Island,,,,Lower Cain,,,,,Gf,yes,,,,,,,,,Sun and cloud warm calm,151,10:30:00,2760,2,2021-05-16 10:34:53,125,114,0,3290,530,4,91.2,38.25,0.306,,10:57:00,27 minutes,,,,,,,,,,,,,,,,,,,,,,,,,,,,,,,,,,,,,,,,,,,,,,,,,,,,,,,,,,,,,,,,,10:58:00
58195465,2021-05-20 10:12:52 -07:00,iPad_186771EF-CF83-474C-B7BE-2AC725137EB9,CHRL - Travis Rice,High Elevation Wx,,2021-05-16 10:29:00,Vancouver Island,,,,Lower Cain,,,,,Gf,yes,,,,,,,,,Sun and cloud warm calm,151,10:30:00,2760,3,2021-05-16 10:36:40,124,119,3,3290,530,5,95.97,38.25,0.316,,10:57:00,27 minutes,,,,,,,,,,,,,,,,,,,,,,,,,,,,,,,,,,,,,,,,,,,,,,,,,,,,,,,,,,,,,,,,,10:58:00
58195465,2021-05-20 10:12:52 -07:00,iPad_186771EF-CF83-474C-B7BE-2AC725137EB9,CHRL - Travis Rice,High Elevation Wx,,2021-05-16 10:29:00,Vancouver Island,,,,Lower Cain,,,,,Gf,yes,,,,,,,,,Sun and cloud warm calm,151,10:30:00,2760,4,2021-05-16 10:39:03,113,111,0,3220,460,5,98.23,33.198,0.294,,10:57:00,27 minutes,,,,,,,,,,,,,,,,,,,,,,,,,,,,,,,,,,,,,,,,,,,,,,,,,,,,,,,,,,,,,,,,,10:58:00
58195465,2021-05-20 10:12:52 -07:00,iPad_186771EF-CF83-474C-B7BE-2AC725137EB9,CHRL - Travis Rice,High Elevation Wx,,2021-05-16 10:29:00,Vancouver Island,,,,Lower Cain,,,,,Gf,yes,,,,,,,,,Sun and cloud warm calm,151,10:30:00,2760,5,2021-05-16 10:40:35,123,118,0,3530,770,4,95.93,55.571,0.452,Unsure why so heavy tare is good,10:57:00,27 minutes,,,,,,,,,,,,,,,,,,,,,,,,,,,,,,,,,,,,,,,,,,,,,,,,,,,,,,,,,,,,,,,,,10:58:00
58195465,2021-05-20 10:12:52 -07:00,iPad_186771EF-CF83-474C-B7BE-2AC725137EB9,CHRL - Travis Rice,High Elevation Wx,,2021-05-16 10:29:00,Vancouver Island,,,,Lower Cain,,,,,Gf,yes,,,,,,,,,Sun and cloud warm calm,151,10:30:00,2760,6,2021-05-16 10:44:00,135,126,4,3240,480,5,93.33,34.641,0.264,,10:57:00,27 minutes,,,,,,,,,,,,,,,,,,,,,,,,,,,,,,,,,,,,,,,,,,,,,,,,,,,,,,,,,,,,,,,,,10:58:00
58195465,2021-05-20 10:12:52 -07:00,iPad_186771EF-CF83-474C-B7BE-2AC725137EB9,CHRL - Travis Rice,High Elevation Wx,,2021-05-16 10:29:00,Vancouver Island,,,,Lower Cain,,,,,Gf,yes,,,,,,,,,Sun and cloud warm calm,151,10:30:00,2760,7,2021-05-16 10:45:57,136,134,1,3450,690,5,98.53,49.797,0.369,,10:57:00,27 minutes,,,,,,,,,,,,,,,,,,,,,,,,,,,,,,,,,,,,,,,,,,,,,,,,,,,,,,,,,,,,,,,,,10:58:00
58195465,2021-05-20 10:12:52 -07:00,iPad_186771EF-CF83-474C-B7BE-2AC725137EB9,CHRL - Travis Rice,High Elevation Wx,,2021-05-16 10:29:00,Vancouver Island,,,,Lower Cain,,,,,Gf,yes,,,,,,,,,Sun and cloud warm calm,151,10:30:00,2760,8,2021-05-16 10:47:05,137,130,1,3500,740,5,94.89,53.406,0.393,,10:57:00,27 minutes,,,,,,,,,,,,,,,,,,,,,,,,,,,,,,,,,,,,,,,,,,,,,,,,,,,,,,,,,,,,,,,,,10:58:00
58195465,2021-05-20 10:12:52 -07:00,iPad_186771EF-CF83-474C-B7BE-2AC725137EB9,CHRL - Travis Rice,High Elevation Wx,,2021-05-16 10:29:00,Vancouver Island,,,,Lower Cain,,,,,Gf,yes,,,,,,,,,Sun and cloud warm calm,151,10:30:00,2760,9,2021-05-16 10:50:07,137,123,2,3340,580,3,89.78,41.858,0.31,4th try very wet layer at bottom,10:57:00,27 minutes,,,,,,,,,,,,,,,,,,,,,,,,,,,,,,,,,,,,,,,,,,,,,,,,,,,,,,,,,,,,,,,,,10:58:00
58195465,2021-05-20 10:12:52 -07:00,iPad_186771EF-CF83-474C-B7BE-2AC725137EB9,CHRL - Travis Rice,High Elevation Wx,,2021-05-16 10:29:00,Vancouver Island,,,,Lower Cain,,,,,Gf,yes,,,,,,,,,Sun and cloud warm calm,151,10:30:00,2760,10,2021-05-16 10:55:10,111,104,0,3290,530,5,93.69,38.25,0.345,,10:57:00,27 minutes,,,,,,,,,,,,,,,,,,,,,,,,,,,,,,,,,,,,,,,,,,,,,,,,,,,,,,,,,,,,,,,,,10:58:00
58195465,2021-05-20 10:12:52 -07:00,iPad_186771EF-CF83-474C-B7BE-2AC725137EB9,CHRL - Travis Rice,High Elevation Wx,,2021-05-16 10:29:00,Vancouver Island,,,,Lower Cain,,,,,Gf,yes,,,,,,,,,,,,,,,,,,,,,,,,,,,,,,,,,,,,,,,,,,,,,,,,,,,,,,,,,,,,,,,,,,,,,,,,,,,,,,,,,,,,,,https://drive.google.com/uc?id=1vx8cJ76Euf2fXs_tdUNRLy5Znpdjg1hv,,,,,10:58:00
58195465,2021-05-20 10:12:52 -07:00,iPad_186771EF-CF83-474C-B7BE-2AC725137EB9,CHRL - Travis Rice,High Elevation Wx,,2021-05-16 10:29:00,Vancouver Island,,,,Lower Cain,,,,,Gf,yes,,,,,,,,,,,,,,,,,,,,,,,,,,,,,,,,,,,,,,,,,,,,,,,,,,,,,,,,,,,,,,,,,,,,,,,,,,,,,,,,,,,,,,https://drive.google.com/uc?id=15fICjjhX1wMci1o2vmjA-b_HvOYqYCa5,,,,,10:58:00
58195450,2021-05-20 10:15:06 -07:00,iPad_186771EF-CF83-474C-B7BE-2AC725137EB9,CHRL - Travis Rice,High Elevation Wx,,2021-05-16 9:48:00,Vancouver Island,,,,Cain Ridge Runner,,,,,Gf,yes,,,,,,,,yes,Sunny calm hot,191,9:49:00,2050,1,2021-05-16 9:49:46,170,159,1,2700,650,5,93.53,46.91,0.278,,,,Tare weight for 4to10 2720. Started uphill at new point 18181 finished at 18182,https://drive.google.com/uc?id=1ielHsNj_m1Eh0ZlLzzbMd9pNO_q29sz-,,,,,,,,,,,,,,,,,,,,,,,,,,,,,,,,,,,,,,,,,,,,,,,,,,,,,,,,,,,,,,Surveyed SR50 and snowcourse,10:14:00
58195450,2021-05-20 10:15:06 -07:00,iPad_186771EF-CF83-474C-B7BE-2AC725137EB9,CHRL - Travis Rice,High Elevation Wx,,2021-05-16 9:48:00,Vancouver Island,,,,Cain Ridge Runner,,,,,Gf,yes,,,,,,,,yes,Sunny calm hot,191,9:49:00,2050,2,2021-05-16 9:51:30,186,182,0,2770,720,5,97.85,51.962,0.279,,,,Tare weight for 4to10 2720. Started uphill at new point 18181 finished at 18182,https://drive.google.com/uc?id=1ielHsNj_m1Eh0ZlLzzbMd9pNO_q29sz-,,,,,,,,,,,,,,,,,,,,,,,,,,,,,,,,,,,,,,,,,,,,,,,,,,,,,,,,,,,,,,Surveyed SR50 and snowcourse,10:14:00
58195450,2021-05-20 10:15:06 -07:00,iPad_186771EF-CF83-474C-B7BE-2AC725137EB9,CHRL - Travis Rice,High Elevation Wx,,2021-05-16 9:48:00,Vancouver Island,,,,Cain Ridge Runner,,,,,Gf,yes,,,,,,,,yes,Sunny calm hot,191,9:49:00,2050,3,2021-05-16 9:54:32,225,205,0.1,2920,870,5,91.11,62.788,0.279,,,,Tare weight for 4to10 2720. Started uphill at new point 18181 finished at 18182,https://drive.google.com/uc?id=1ielHsNj_m1Eh0ZlLzzbMd9pNO_q29sz-,,,,,,,,,,,,,,,,,,,,,,,,,,,,,,,,,,,,,,,,,,,,,,,,,,,,,,,,,,,,,,Surveyed SR50 and snowcourse,10:14:00
58195450,2021-05-20 10:15:06 -07:00,iPad_186771EF-CF83-474C-B7BE-2AC725137EB9,CHRL - Travis Rice,High Elevation Wx,,2021-05-16 9:48:00,Vancouver Island,,,,Cain Ridge Runner,,,,,Gf,yes,,,,,,,,yes,Sunny calm hot,191,9:49:00,2050,4,2021-05-16 9:55:12,238,218,2,3430,1380,5,91.6,99.594,0.422,Added another tube length,,,Tare weight for 4to10 2720. Started uphill at new point 18181 finished at 18182,https://drive.google.com/uc?id=1ielHsNj_m1Eh0ZlLzzbMd9pNO_q29sz-,,,,,,,,,,,,,,,,,,,,,,,,,,,,,,,,,,,,,,,,,,,,,,,,,,,,,,,,,,,,,,Surveyed SR50 and snowcourse,10:14:00
58195450,2021-05-20 10:15:06 -07:00,iPad_186771EF-CF83-474C-B7BE-2AC725137EB9,CHRL - Travis Rice,High Elevation Wx,,2021-05-16 9:48:00,Vancouver Island,,,,Cain Ridge Runner,,,,,Gf,yes,,,,,,,,yes,Sunny calm hot,191,9:49:00,2050,5,2021-05-16 9:58:55,214,200,4,3800,1750,5,93.46,126.297,0.601,,,,Tare weight for 4to10 2720. Started uphill at new point 18181 finished at 18182,https://drive.google.com/uc?id=1ielHsNj_m1Eh0ZlLzzbMd9pNO_q29sz-,,,,,,,,,,,,,,,,,,,,,,,,,,,,,,,,,,,,,,,,,,,,,,,,,,,,,,,,,,,,,,Surveyed SR50 and snowcourse,10:14:00
58195450,2021-05-20 10:15:06 -07:00,iPad_186771EF-CF83-474C-B7BE-2AC725137EB9,CHRL - Travis Rice,High Elevation Wx,,2021-05-16 9:48:00,Vancouver Island,,,,Cain Ridge Runner,,,,,Gf,yes,,,,,,,,yes,Sunny calm hot,191,9:49:00,2050,6,2021-05-16 10:01:39,210,186,1,3760,1710,5,88.57,123.41,0.59,,,,Tare weight for 4to10 2720. Started uphill at new point 18181 finished at 18182,https://drive.google.com/uc?id=1ielHsNj_m1Eh0ZlLzzbMd9pNO_q29sz-,,,,,,,,,,,,,,,,,,,,,,,,,,,,,,,,,,,,,,,,,,,,,,,,,,,,,,,,,,,,,,Surveyed SR50 and snowcourse,10:14:00
58195450,2021-05-20 10:15:06 -07:00,iPad_186771EF-CF83-474C-B7BE-2AC725137EB9,CHRL - Travis Rice,High Elevation Wx,,2021-05-16 9:48:00,Vancouver Island,,,,Cain Ridge Runner,,,,,Gf,yes,,,,,,,,yes,Sunny calm hot,191,9:49:00,2050,7,2021-05-16 10:02:46,219,205,0,3930,1880,5,93.61,135.679,0.62,,,,Tare weight for 4to10 2720. Started uphill at new point 18181 finished at 18182,https://drive.google.com/uc?id=1ielHsNj_m1Eh0ZlLzzbMd9pNO_q29sz-,,,,,,,,,,,,,,,,,,,,,,,,,,,,,,,,,,,,,,,,,,,,,,,,,,,,,,,,,,,,,,Surveyed SR50 and snowcourse,10:14:00
58195450,2021-05-20 10:15:06 -07:00,iPad_186771EF-CF83-474C-B7BE-2AC725137EB9,CHRL - Travis Rice,High Elevation Wx,,2021-05-16 9:48:00,Vancouver Island,,,,Cain Ridge Runner,,,,,Gf,yes,,,,,,,,yes,Sunny calm hot,191,9:49:00,2050,8,2021-05-16 10:05:01,204,189,1,3920,1870,5,92.65,134.957,0.665,,,,Tare weight for 4to10 2720. Started uphill at new point 18181 finished at 18182,https://drive.google.com/uc?id=1ielHsNj_m1Eh0ZlLzzbMd9pNO_q29sz-,,,,,,,,,,,,,,,,,,,,,,,,,,,,,,,,,,,,,,,,,,,,,,,,,,,,,,,,,,,,,,Surveyed SR50 and snowcourse,10:14:00
58195450,2021-05-20 10:15:06 -07:00,iPad_186771EF-CF83-474C-B7BE-2AC725137EB9,CHRL - Travis Rice,High Elevation Wx,,2021-05-16 9:48:00,Vancouver Island,,,,Cain Ridge Runner,,,,,Gf,yes,,,,,,,,yes,Sunny calm hot,191,9:49:00,2050,9,2021-05-16 10:06:39,217,180,4,3900,1850,4,82.95,133.514,0.627,,,,Tare weight for 4to10 2720. Started uphill at new point 18181 finished at 18182,https://drive.google.com/uc?id=1ielHsNj_m1Eh0ZlLzzbMd9pNO_q29sz-,,,,,,,,,,,,,,,,,,,,,,,,,,,,,,,,,,,,,,,,,,,,,,,,,,,,,,,,,,,,,,Surveyed SR50 and snowcourse,10:14:00
58195450,2021-05-20 10:15:06 -07:00,iPad_186771EF-CF83-474C-B7BE-2AC725137EB9,CHRL - Travis Rice,High Elevation Wx,,2021-05-16 9:48:00,Vancouver Island,,,,Cain Ridge Runner,,,,,Gf,yes,,,,,,,,yes,Sunny calm hot,191,9:49:00,2050,10,2021-05-16 10:10:30,235,224,1,4030,1980,5,95.32,142.896,0.611,,,,Tare weight for 4to10 2720. Started uphill at new point 18181 finished at 18182,https://drive.google.com/uc?id=1ielHsNj_m1Eh0ZlLzzbMd9pNO_q29sz-,,,,,,,,,,,,,,,,,,,,,,,,,,,,,,,,,,,,,,,,,,,,,,,,,,,,,,,,,,,,,,Surveyed SR50 and snowcourse,10:14:00
58195456,2021-05-20 10:11:37 -07:00,iPad_186771EF-CF83-474C-B7BE-2AC725137EB9,CHRL - Travis Rice,Russell Creek,,2021-05-14 15:53:00,,,,,,Steph 6,,,,Griffin randy trevor,yes,,,,,,,,,"Clear, calm, hot",0,,120,1,2021-05-14 15:57:01,44,33,0,350,230,5,75,16.599,0.377,,,,SR50 looking down at 0 but some 4cm possibly in view,,,,,,,,,,,,,,,,,,,,,,,,,,,,,,,,,,,,,,,,,,,,,,,,,,,,,,,,,,,https://drive.google.com/uc?id=1eIJevnXjdbb1k0HShpfkJBiCC0YwR8JM,,,,,
58195456,2021-05-20 10:11:37 -07:00,iPad_186771EF-CF83-474C-B7BE-2AC725137EB9,CHRL - Travis Rice,Russell Creek,,2021-05-14 15:53:00,,,,,,Steph 6,,,,Griffin randy trevor,yes,,,,,,,,,"Clear, calm, hot",0,,120,2,2021-05-14 15:57:24,41,35,0,400,280,5,85.37,20.208,0.493,Snow saturated at bottom,,,SR50 looking down at 0 but some 4cm possibly in view,,,,,,,,,,,,,,,,,,,,,,,,,,,,,,,,,,,,,,,,,,,,,,,,,,,,,,,,,,,https://drive.google.com/uc?id=1eIJevnXjdbb1k0HShpfkJBiCC0YwR8JM,,,,,
58195456,2021-05-20 10:11:37 -07:00,iPad_186771EF-CF83-474C-B7BE-2AC725137EB9,CHRL - Travis Rice,Russell Creek,,2021-05-14 15:53:00,,,,,,Steph 6,,,,Griffin randy trevor,yes,,,,,,,,,"Clear, calm, hot",0,,120,3,2021-05-14 15:58:30,38,27,0,340,220,5,71.05,15.877,0.418,Saturated at bottom ,,,SR50 looking down at 0 but some 4cm possibly in view,,,,,,,,,,,,,,,,,,,,,,,,,,,,,,,,,,,,,,,,,,,,,,,,,,,,,,,,,,,https://drive.google.com/uc?id=1eIJevnXjdbb1k0HShpfkJBiCC0YwR8JM,,,,,
58195456,2021-05-20 10:11:37 -07:00,iPad_186771EF-CF83-474C-B7BE-2AC725137EB9,CHRL - Travis Rice,Russell Creek,,2021-05-14 15:53:00,,,,,,Steph 6,,,,Griffin randy trevor,yes,,,,,,,,,"Clear, calm, hot",0,,120,4,2021-05-14 15:59:05,28,22,0,270,150,5,78.57,10.825,0.387,,,,SR50 looking down at 0 but some 4cm possibly in view,,,,,,,,,,,,,,,,,,,,,,,,,,,,,,,,,,,,,,,,,,,,,,,,,,,,,,,,,,,https://drive.google.com/uc?id=1eIJevnXjdbb1k0HShpfkJBiCC0YwR8JM,,,,,
58195456,2021-05-20 10:11:37 -07:00,iPad_186771EF-CF83-474C-B7BE-2AC725137EB9,CHRL - Travis Rice,Russell Creek,,2021-05-14 15:53:00,,,,,,Steph 6,,,,Griffin randy trevor,yes,,,,,,,,,"Clear, calm, hot",0,,120,5,2021-05-14 15:59:27,27,24,0,290,170,5,88.89,12.269,0.454,,,,SR50 looking down at 0 but some 4cm possibly in view,,,,,,,,,,,,,,,,,,,,,,,,,,,,,,,,,,,,,,,,,,,,,,,,,,,,,,,,,,,https://drive.google.com/uc?id=1eIJevnXjdbb1k0HShpfkJBiCC0YwR8JM,,,,,
58195456,2021-05-20 10:11:37 -07:00,iPad_186771EF-CF83-474C-B7BE-2AC725137EB9,CHRL - Travis Rice,Russell Creek,,2021-05-14 15:53:00,,,,,,Steph 6,,,,Griffin randy trevor,yes,,,,,,,,,"Clear, calm, hot",0,,120,6,2021-05-14 16:00:05,17,15,0,240,120,5,88.24,8.66,0.509,,,,SR50 looking down at 0 but some 4cm possibly in view,,,,,,,,,,,,,,,,,,,,,,,,,,,,,,,,,,,,,,,,,,,,,,,,,,,,,,,,,,,https://drive.google.com/uc?id=1eIJevnXjdbb1k0HShpfkJBiCC0YwR8JM,,,,,
58195456,2021-05-20 10:11:37 -07:00,iPad_186771EF-CF83-474C-B7BE-2AC725137EB9,CHRL - Travis Rice,Russell Creek,,2021-05-14 15:53:00,,,,,,Steph 6,,,,Griffin randy trevor,yes,,,,,,,,,"Clear, calm, hot",0,,120,7,2021-05-14 16:00:44,22,15,0,220,100,5,68.18,7.217,0.328,,,,SR50 looking down at 0 but some 4cm possibly in view,,,,,,,,,,,,,,,,,,,,,,,,,,,,,,,,,,,,,,,,,,,,,,,,,,,,,,,,,,,https://drive.google.com/uc?id=1eIJevnXjdbb1k0HShpfkJBiCC0YwR8JM,,,,,
58195456,2021-05-20 10:11:37 -07:00,iPad_186771EF-CF83-474C-B7BE-2AC725137EB9,CHRL - Travis Rice,Russell Creek,,2021-05-14 15:53:00,,,,,,Steph 6,,,,Griffin randy trevor,yes,,,,,,,,,"Clear, calm, hot",0,,120,8,2021-05-14 16:01:14,24,21,0,250,130,5,87.5,9.382,0.391,,,,SR50 looking down at 0 but some 4cm possibly in view,,,,,,,,,,,,,,,,,,,,,,,,,,,,,,,,,,,,,,,,,,,,,,,,,,,,,,,,,,,https://drive.google.com/uc?id=1eIJevnXjdbb1k0HShpfkJBiCC0YwR8JM,,,,,
58195456,2021-05-20 10:11:37 -07:00,iPad_186771EF-CF83-474C-B7BE-2AC725137EB9,CHRL - Travis Rice,Russell Creek,,2021-05-14 15:53:00,,,,,,Steph 6,,,,Griffin randy trevor,yes,,,,,,,,,"Clear, calm, hot",0,,120,9,2021-05-14 16:01:42,24,22,0,240,120,5,91.67,8.66,0.361,,,,SR50 looking down at 0 but some 4cm possibly in view,,,,,,,,,,,,,,,,,,,,,,,,,,,,,,,,,,,,,,,,,,,,,,,,,,,,,,,,,,,https://drive.google.com/uc?id=1eIJevnXjdbb1k0HShpfkJBiCC0YwR8JM,,,,,
58195456,2021-05-20 10:11:37 -07:00,iPad_186771EF-CF83-474C-B7BE-2AC725137EB9,CHRL - Travis Rice,Russell Creek,,2021-05-14 15:53:00,,,,,,Steph 6,,,,Griffin randy trevor,yes,,,,,,,,,"Clear, calm, hot",0,,120,10,2021-05-14 16:03:39,21,18,0,200,80,5,85.71,5.774,0.275,,,,SR50 looking down at 0 but some 4cm possibly in view,,,,,,,,,,,,,,,,,,,,,,,,,,,,,,,,,,,,,,,,,,,,,,,,,,,,,,,,,,,https://drive.google.com/uc?id=1eIJevnXjdbb1k0HShpfkJBiCC0YwR8JM,,,,,
58195457,2021-05-20 10:11:32 -07:00,iPad_186771EF-CF83-474C-B7BE-2AC725137EB9,CHRL - Travis Rice,Russell Creek,,2021-05-14 15:28:00,,,,,,Steph 4,,,,Griffin randy trevor,yes,,,,,,,yes,yes,"Clear, calm, hot",0,15:30:00,,1,2021-05-14 15:30:29,0,0,0,0,,5,,,,,,,,,,,,,,,,,,,,,,,,,,,,,,,,,,,,,,,,,,,,,HOBO,Tough2,Judd not working for a while,,,,,,,,,,,,,,,,,,,https://drive.google.com/uc?id=1Ovt9E99fej9ml0MyExV3V8MMKcXjVFX-,,,,,
58195457,2021-05-20 10:11:32 -07:00,iPad_186771EF-CF83-474C-B7BE-2AC725137EB9,CHRL - Travis Rice,Russell Creek,,2021-05-14 15:28:00,,,,,,Steph 4,,,,Griffin randy trevor,yes,,,,,,,yes,yes,"Clear, calm, hot",0,15:30:00,,2,2021-05-14 15:30:47,0,0,0,0,,5,,,,,,,,,,,,,,,,,,,,,,,,,,,,,,,,,,,,,,,,,,,,,HOBO,Tough2,Judd not working for a while,,,,,,,,,,,,,,,,,,,https://drive.google.com/uc?id=1Ovt9E99fej9ml0MyExV3V8MMKcXjVFX-,,,,,
58195457,2021-05-20 10:11:32 -07:00,iPad_186771EF-CF83-474C-B7BE-2AC725137EB9,CHRL - Travis Rice,Russell Creek,,2021-05-14 15:28:00,,,,,,Steph 4,,,,Griffin randy trevor,yes,,,,,,,yes,yes,"Clear, calm, hot",0,15:30:00,,3,2021-05-14 15:31:07,18,14,0,50,,5,77.78,,,,,,,,,,,,,,,,,,,,,,,,,,,,,,,,,,,,,,,,,,,,HOBO,Tough2,Judd not working for a while,,,,,,,,,,,,,,,,,,,https://drive.google.com/uc?id=1Ovt9E99fej9ml0MyExV3V8MMKcXjVFX-,,,,,
58195457,2021-05-20 10:11:32 -07:00,iPad_186771EF-CF83-474C-B7BE-2AC725137EB9,CHRL - Travis Rice,Russell Creek,,2021-05-14 15:28:00,,,,,,Steph 4,,,,Griffin randy trevor,yes,,,,,,,yes,yes,"Clear, calm, hot",0,15:30:00,,4,2021-05-14 15:31:31,20,19,0,80,,5,95,,,,,,,,,,,,,,,,,,,,,,,,,,,,,,,,,,,,,,,,,,,,HOBO,Tough2,Judd not working for a while,,,,,,,,,,,,,,,,,,,https://drive.google.com/uc?id=1Ovt9E99fej9ml0MyExV3V8MMKcXjVFX-,,,,,
58195457,2021-05-20 10:11:32 -07:00,iPad_186771EF-CF83-474C-B7BE-2AC725137EB9,CHRL - Travis Rice,Russell Creek,,2021-05-14 15:28:00,,,,,,Steph 4,,,,Griffin randy trevor,yes,,,,,,,yes,yes,"Clear, calm, hot",0,15:30:00,,5,2021-05-14 15:31:59,25,22,0,90,,5,88,,,,,,,,,,,,,,,,,,,,,,,,,,,,,,,,,,,,,,,,,,,,HOBO,Tough2,Judd not working for a while,,,,,,,,,,,,,,,,,,,https://drive.google.com/uc?id=1Ovt9E99fej9ml0MyExV3V8MMKcXjVFX-,,,,,
58195457,2021-05-20 10:11:32 -07:00,iPad_186771EF-CF83-474C-B7BE-2AC725137EB9,CHRL - Travis Rice,Russell Creek,,2021-05-14 15:28:00,,,,,,Steph 4,,,,Griffin randy trevor,yes,,,,,,,yes,yes,"Clear, calm, hot",0,15:30:00,,6,2021-05-14 15:34:18,23,17,0,110,,5,73.91,,,,,,,,,,,,,,,,,,,,,,,,,,,,,,,,,,,,,,,,,,,,HOBO,Tough2,Judd not working for a while,,,,,,,,,,,,,,,,,,,https://drive.google.com/uc?id=1Ovt9E99fej9ml0MyExV3V8MMKcXjVFX-,,,,,
58195457,2021-05-20 10:11:32 -07:00,iPad_186771EF-CF83-474C-B7BE-2AC725137EB9,CHRL - Travis Rice,Russell Creek,,2021-05-14 15:28:00,,,,,,Steph 4,,,,Griffin randy trevor,yes,,,,,,,yes,yes,"Clear, calm, hot",0,15:30:00,,7,2021-05-14 15:34:57,34,26,0,140,,4,76.47,,,,,,,,,,,,,,,,,,,,,,,,,,,,,,,,,,,,,,,,,,,,HOBO,Tough2,Judd not working for a while,,,,,,,,,,,,,,,,,,,https://drive.google.com/uc?id=1Ovt9E99fej9ml0MyExV3V8MMKcXjVFX-,,,,,
58195457,2021-05-20 10:11:32 -07:00,iPad_186771EF-CF83-474C-B7BE-2AC725137EB9,CHRL - Travis Rice,Russell Creek,,2021-05-14 15:28:00,,,,,,Steph 4,,,,Griffin randy trevor,yes,,,,,,,yes,yes,"Clear, calm, hot",0,15:30:00,,8,2021-05-14 15:35:37,36,28,0,190,,5,77.78,,,,,,,,,,,,,,,,,,,,,,,,,,,,,,,,,,,,,,,,,,,,HOBO,Tough2,Judd not working for a while,,,,,,,,,,,,,,,,,,,https://drive.google.com/uc?id=1Ovt9E99fej9ml0MyExV3V8MMKcXjVFX-,,,,,
58195457,2021-05-20 10:11:32 -07:00,iPad_186771EF-CF83-474C-B7BE-2AC725137EB9,CHRL - Travis Rice,Russell Creek,,2021-05-14 15:28:00,,,,,,Steph 4,,,,Griffin randy trevor,yes,,,,,,,yes,yes,"Clear, calm, hot",0,15:30:00,,9,2021-05-14 15:36:25,29,24,0,150,,5,82.76,,,,,,,,,,,,,,,,,,,,,,,,,,,,,,,,,,,,,,,,,,,,HOBO,Tough2,Judd not working for a while,,,,,,,,,,,,,,,,,,,https://drive.google.com/uc?id=1Ovt9E99fej9ml0MyExV3V8MMKcXjVFX-,,,,,
58195457,2021-05-20 10:11:32 -07:00,iPad_186771EF-CF83-474C-B7BE-2AC725137EB9,CHRL - Travis Rice,Russell Creek,,2021-05-14 15:28:00,,,,,,Steph 4,,,,Griffin randy trevor,yes,,,,,,,yes,yes,"Clear, calm, hot",0,15:30:00,,10,2021-05-14 15:36:55,35,26,0,200,,5,74.29,,,,,,,,,,,,,,,,,,,,,,,,,,,,,,,,,,,,,,,,,,,,HOBO,Tough2,Judd not working for a while,,,,,,,,,,,,,,,,,,,https://drive.google.com/uc?id=1Ovt9E99fej9ml0MyExV3V8MMKcXjVFX-,,,,,
58195462,2021-05-20 10:11:40 -07:00,iPad_186771EF-CF83-474C-B7BE-2AC725137EB9,CHRL - Travis Rice,Russell Creek,,2021-05-15 11:56:00,,,,,,Steph 1,,,,Griffin randy trevor,yes,,,,,,,,,"Clear, calm, hot",208,11:58:00,,1,2021-05-15 11:59:02,188,184,3,830,,5,97.87,,,,12:27:00,29 minutes,,,,,,,,,,,,,,,,,,,,,,,,,,,,,,,,,,,,,,,,,,,,,,,,,,,,,,,,,,,,,,,,,
58195462,2021-05-20 10:11:40 -07:00,iPad_186771EF-CF83-474C-B7BE-2AC725137EB9,CHRL - Travis Rice,Russell Creek,,2021-05-15 11:56:00,,,,,,Steph 1,,,,Griffin randy trevor,yes,,,,,,,,,"Clear, calm, hot",208,11:58:00,,2,2021-05-15 12:00:26,221,170,0,910,,5,76.92,,,,12:27:00,29 minutes,,,,,,,,,,,,,,,,,,,,,,,,,,,,,,,,,,,,,,,,,,,,,,,,,,,,,,,,,,,,,,,,,
58195462,2021-05-20 10:11:40 -07:00,iPad_186771EF-CF83-474C-B7BE-2AC725137EB9,CHRL - Travis Rice,Russell Creek,,2021-05-15 11:56:00,,,,,,Steph 1,,,,Griffin randy trevor,yes,,,,,,,,,"Clear, calm, hot",208,11:58:00,,3,2021-05-15 12:01:34,224,162,0,990,,5,72.32,,,,12:27:00,29 minutes,,,,,,,,,,,,,,,,,,,,,,,,,,,,,,,,,,,,,,,,,,,,,,,,,,,,,,,,,,,,,,,,,
58195462,2021-05-20 10:11:40 -07:00,iPad_186771EF-CF83-474C-B7BE-2AC725137EB9,CHRL - Travis Rice,Russell Creek,,2021-05-15 11:56:00,,,,,,Steph 1,,,,Griffin randy trevor,yes,,,,,,,,,"Clear, calm, hot",208,11:58:00,,4a,2021-05-15 12:08:20,207,152,0,930,,4,73.43,,,,12:27:00,29 minutes,,,,,,,,,,,,,,,,,,,,,,,,,,,,,,,,,,,,,,,,,,,,,,,,,,,,,,,,,,,,,,,,,
58195462,2021-05-20 10:11:40 -07:00,iPad_186771EF-CF83-474C-B7BE-2AC725137EB9,CHRL - Travis Rice,Russell Creek,,2021-05-15 11:56:00,,,,,,Steph 1,,,,Griffin randy trevor,yes,,,,,,,,,"Clear, calm, hot",208,11:58:00,,4b,2021-05-15 12:09:24,233,36,4,310,,3,15.45,,,,12:27:00,29 minutes,,,,,,,,,,,,,,,,,,,,,,,,,,,,,,,,,,,,,,,,,,,,,,,,,,,,,,,,,,,,,,,,,
58195462,2021-05-20 10:11:40 -07:00,iPad_186771EF-CF83-474C-B7BE-2AC725137EB9,CHRL - Travis Rice,Russell Creek,,2021-05-15 11:56:00,,,,,,Steph 1,,,,Griffin randy trevor,yes,,,,,,,,,"Clear, calm, hot",208,11:58:00,,5a,2021-05-15 12:14:26,174,152,0,990,,4,87.36,,,,12:27:00,29 minutes,,,,,,,,,,,,,,,,,,,,,,,,,,,,,,,,,,,,,,,,,,,,,,,,,,,,,,,,,,,,,,,,,
58195462,2021-05-20 10:11:40 -07:00,iPad_186771EF-CF83-474C-B7BE-2AC725137EB9,CHRL - Travis Rice,Russell Creek,,2021-05-15 11:56:00,,,,,,Steph 1,,,,Griffin randy trevor,yes,,,,,,,,,"Clear, calm, hot",208,11:58:00,,5b,2021-05-15 12:15:27,241,71,0.1,470,,4,29.46,,,,12:27:00,29 minutes,,,,,,,,,,,,,,,,,,,,,,,,,,,,,,,,,,,,,,,,,,,,,,,,,,,,,,,,,,,,,,,,,
58195462,2021-05-20 10:11:40 -07:00,iPad_186771EF-CF83-474C-B7BE-2AC725137EB9,CHRL - Travis Rice,Russell Creek,,2021-05-15 11:56:00,,,,,,Steph 1,,,,Griffin randy trevor,yes,,,,,,,,,"Clear, calm, hot",208,11:58:00,,6,2021-05-15 12:16:49,231,136,0,1200,,5,58.87,,,,12:27:00,29 minutes,,,,,,,,,,,,,,,,,,,,,,,,,,,,,,,,,,,,,,,,,,,,,,,,,,,,,,,,,,,,,,,,,
58195462,2021-05-20 10:11:40 -07:00,iPad_186771EF-CF83-474C-B7BE-2AC725137EB9,CHRL - Travis Rice,Russell Creek,,2021-05-15 11:56:00,,,,,,Steph 1,,,,Griffin randy trevor,yes,,,,,,,,,"Clear, calm, hot",208,11:58:00,,7,2021-05-15 12:18:41,218,189,8,1290,,4,86.7,,,,12:27:00,29 minutes,,,,,,,,,,,,,,,,,,,,,,,,,,,,,,,,,,,,,,,,,,,,,,,,,,,,,,,,,,,,,,,,,
58195462,2021-05-20 10:11:40 -07:00,iPad_186771EF-CF83-474C-B7BE-2AC725137EB9,CHRL - Travis Rice,Russell Creek,,2021-05-15 11:56:00,,,,,,Steph 1,,,,Griffin randy trevor,yes,,,,,,,,,"Clear, calm, hot",208,11:58:00,,8,2021-05-15 12:21:41,199,142,0.1,1070,,5,71.36,,,,12:27:00,29 minutes,,,,,,,,,,,,,,,,,,,,,,,,,,,,,,,,,,,,,,,,,,,,,,,,,,,,,,,,,,,,,,,,,
58195462,2021-05-20 10:11:40 -07:00,iPad_186771EF-CF83-474C-B7BE-2AC725137EB9,CHRL - Travis Rice,Russell Creek,,2021-05-15 11:56:00,,,,,,Steph 1,,,,Griffin randy trevor,yes,,,,,,,,,"Clear, calm, hot",208,11:58:00,,9,2021-05-15 12:22:52,188,159,2,1050,,5,84.57,,,,12:27:00,29 minutes,,,,,,,,,,,,,,,,,,,,,,,,,,,,,,,,,,,,,,,,,,,,,,,,,,,,,,,,,,,,,,,,,
58195462,2021-05-20 10:11:40 -07:00,iPad_186771EF-CF83-474C-B7BE-2AC725137EB9,CHRL - Travis Rice,Russell Creek,,2021-05-15 11:56:00,,,,,,Steph 1,,,,Griffin randy trevor,yes,,,,,,,,,"Clear, calm, hot",208,11:58:00,,10,2021-05-15 12:27:07,186,122,0.1,960,,4,65.59,,,,12:27:00,29 minutes,,,,,,,,,,,,,,,,,,,,,,,,,,,,,,,,,,,,,,,,,,,,,,,,,,,,,,,,,,,,,,,,,
58195462,2021-05-20 10:11:40 -07:00,iPad_186771EF-CF83-474C-B7BE-2AC725137EB9,CHRL - Travis Rice,Russell Creek,,2021-05-15 11:56:00,,,,,,Steph 1,,,,Griffin randy trevor,yes,,,,,,,,,"Clear, calm, hot",208,11:58:00,,,,,,,,,,,,,,12:27:00,29 minutes,,https://drive.google.com/uc?id=1vCxTvPwQ9nbO9qjJimP1NvZmwJSrHRdP,Wx station,,,,,,,,,,,,,,,,,,,,,,,,,,,,,,,,,,,,,,,,,,,,,,,,,,,,,,,,,,,,,,
58195462,2021-05-20 10:11:40 -07:00,iPad_186771EF-CF83-474C-B7BE-2AC725137EB9,CHRL - Travis Rice,Russell Creek,,2021-05-15 11:56:00,,,,,,Steph 1,,,,Griffin randy trevor,yes,,,,,,,,,"Clear, calm, hot",208,11:58:00,,,,,,,,,,,,,,12:27:00,29 minutes,,https://drive.google.com/uc?id=16ycqiKUr2vCgutKXBfZrfNZM1M56BQiT,Snow course,,,,,,,,,,,,,,,,,,,,,,,,,,,,,,,,,,,,,,,,,,,,,,,,,,,,,,,,,,,,,,