submissionid,submissiondatetime,deviceid,username,Project_Name,Other_Project_Name,Job_Start_Time,What_region_,Central_Coast_Stations,South_Coast_Mainland_Stations,Haida_Gwaii_Stations,Vancouver_Island_Stations,Russell_Creek_Substation,Calvert_Watershed_Name,Other_Station_Identifier,Other_Station_Name,User,What_jobs_are_being_completed_.Snow_Course,What_jobs_are_being_completed_.Drone_Survey,What_jobs_are_being_completed_.CF,What_jobs_are_being_completed_.Sensor_Change,What_jobs_are_being_completed_.Precip_Gage,What_jobs_are_being_completed_.Lys_Calibration,What_jobs_are_being_completed_.Tipping_Bucket_Calibration,What_jobs_are_being_completed_.Data_Download,What_jobs_are_being_completed_.General_Maintenance,Snow_Course_Job.Whats_the_weather_like_,Snow_Course_Job.SR50_Depth_,Snow_Course_Job.Start_Time,Snow_Course_Job.Tare_on_fish_scale_,Snow_Course_Job.Tare_Weight__g_,Snow_Course_Job.Add_Snow_Core.Snow_Core__,Snow_Course_Job.Add_Snow_Core.Snow_Core__:timestamp,Snow_Course_Job.Add_Snow_Core.Depth__cm_,Snow_Course_Job.Add_Snow_Core.Core__cm_,Snow_Course_Job.Add_Snow_Core.Plug__cm_,Snow_Course_Job.Add_Snow_Core.Mass___Tube__g_,Snow_Course_Job.Add_Snow_Core.Mass__g_,Snow_Course_Job.Add_Snow_Core.Mass_Final__g_,Snow_Course_Job.Add_Snow_Core.Core_Rating,Snow_Course_Job.Add_Snow_Core.Retrieval____,Snow_Course_Job.Add_Snow_Core.SWE,Snow_Course_Job.Add_Snow_Core.Density,Snow_Course_Job.Add_Snow_Core.Core_Notes,Snow_Course_Job.Snow_Course_Notes,Snow_Course_Job.End_Time,Snow_Course_Job.Total_Time,Snow_Course_Job.Add_Image.Photo,Snow_Course_Job.Add_Image.Photo_Notes,CF_Test.CF_Test_Name,CF_Test.What_is_the_primary_dilution_ratio_of_salt_,CF_Test.How_many_sensors,CF_Test.Sensor_1_Type___Serial__,CF_Test.Sensor_2_Type___Serial__,CF_Test.Sensor_3_Type___Serial__,CF_Test.Sensor_4_Type___Serial__,CF_Test.CF_Test_Table_Entry.Aliquot__,CF_Test.CF_Test_Table_Entry.Sensor_1_Conductivity__uS_cm_,CF_Test.CF_Test_Table_Entry.Sensor_1_Temperature,CF_Test.CF_Test_Table_Entry.Sensor_2_Conductivity__uS_cm_,CF_Test.CF_Test_Table_Entry.Sensor_2_Temperature,CF_Test.CF_Test_Table_Entry.Sensor_3_Conductivity__uS_cm_,CF_Test.CF_Test_Table_Entry.Sensor_3_Temperature,CF_Test.CF_Test_Table_Entry.Sensor_4_Conductivity__uS_cm_,CF_Test.CF_Test_Table_Entry.Sensor_4_Temperature,CF_Test.CF_Test_Table_Entry.Average_Temperature__Sensor_1__Sensor_2__Sensor_3__Sensor_4_,CF_Test.Notes_,Sensor_Change.Type_of_Sensor,Sensor_Change.Why_is_the_sensor_being_changed,Sensor_Change.Serial___of_old,Sensor_Change.Serial___of_new,Sensor_Change.Additional_Notes,Precip_Gage.Start_Level__cm_,Precip_Gage.End_Level__cm_,Precip_Gage.Volume_Added__L_,Precip_Gage.Ratio_of_Ethanol_to_Anti_freeze,Precip_Gage.Baby_Oil_Added_,Precip_Gage.Notes_,Lys_Calibration.Volume_Added,Lys_Calibration.Tips_Counted,Lys_Calibration.Notes_,Tipping_Bucket_Calibration.Start_Time_1,Tipping_Bucket_Calibration.Start_Time_2,Tipping_Bucket_Calibration.Notes_,Data_Download.What_is_the_logger_type_,Data_Download.Where_is_the_data_stored_,Data_Download.Notes_,Drone_Survey.Drone_Name,Drone_Survey.Pilot,Drone_Survey.Spotter,Drone_Survey.Data_Collection,Drone_Survey.Data_Collection__Other_,Drone_Survey.General_Wx_Notes,Drone_Survey.Grid_Type,Drone_Survey.Flight_Elevation,Drone_Survey.Camera_Angle,Drone_Survey.Front_Overlap,Drone_Survey.Side_Overlap,Drone_Survey.Drone_Speed,Drone_Survey.Batteries,Drone_Survey.Start_Time,Drone_Survey.End_Time,Drone_Survey.Total_Time,Drone_Survey.Add_Photo.Add_Image,Drone_Survey.Add_Photo.Photo_Notes,Add_Image.Photo,Add_Image.Photo_Notes,Add_Drawing.Draw_Here,Add_Drawing.Drawing_Notes,General_Notes,Job_End_Time
55554720,2021-03-10 14:07:17 -08:00,iPad_186771EF-CF83-474C-B7BE-2AC725137EB9,CHRL - Travis Rice,Russell Creek,,3/10/2021 13:43,,,,,,Steph 2,,,,Gf,no,no,no,no,yes,no,no,yes,no,,,,,,,,,,,,,,,,,,,,,,,,,,,,,,,,,,,,,,,,,,,,,,,1.61,90,20,5050,yes,Plus 20cm snow. Tried to get slush out but lots remained,,,,,,,Campbell Scientific,Tough2 desktop,,,,,,,,,,,,,,,,,,,,,,,,,
55554729,2021-03-11 21:08:27 -08:00,iPad_186771EF-CF83-474C-B7BE-2AC725137EB9,CHRL - Travis Rice,Russell Creek,,3/11/2021 21:06,,,,,,Steph 4,,,,Gf TD tk,yes,no,no,no,no,no,no,yes,no,Overcast,,17:01:00,,,,,,,,,,,,,,,,See Trevor’s notes. He did it backwards,,,,,,,,,,,,,,,,,,,,,,,,,,,,,,,,,,,,,,,,HOBO,Tough2,,,,,,,,,,,,,,,,,,,,,,,,,
55579650,2021-03-12 11:41:34 -08:00,iPad_186771EF-CF83-474C-B7BE-2AC725137EB9,CHRL - Travis Rice,High Elevation Wx,,3/9/2021 10:44,Vancouver Island,,,,Mt. Arrowsmith,,,,,AB,yes,,,,yes,,,yes,yes,"Socked in, grapple",,12:25:00,no,3990,1,3/9/2021 11:51,330,290,,5250,,1260,5,87.88,90.934,,Snow pillow,4 corner snow pillow,13:00:00,35 minutes,https://drive.google.com/uc?id=1nu_ztvh_16gaiE3l7GitLsvLimbQCcse,,,,,,,,,,,,,,,,,,,,,,,,,,56,20,1:01,no,"Broke up ice, waiting 20 mins for mix. Too slushy to take measurement …0",,,,,,,FTS,On USB bill knows,,,,,,,,,,,,,,,,,,,,,,,,"Install mount for topcon on wx station tower
10 litres of antifreeze left behind",
55579650,2021-03-12 11:41:34 -08:00,iPad_186771EF-CF83-474C-B7BE-2AC725137EB9,CHRL - Travis Rice,High Elevation Wx,,3/9/2021 10:44,Vancouver Island,,,,Mt. Arrowsmith,,,,,AB,yes,,,,yes,,,yes,yes,"Socked in, grapple",,12:25:00,no,3990,2,3/9/2021 13:26,318,310,,5270,,1280,5,97.48,92.377,,Snow pillow,4 corner snow pillow,13:00:00,35 minutes,https://drive.google.com/uc?id=1nu_ztvh_16gaiE3l7GitLsvLimbQCcse,,,,,,,,,,,,,,,,,,,,,,,,,,56,20,1:01,no,"Broke up ice, waiting 20 mins for mix. Too slushy to take measurement …0",,,,,,,FTS,On USB bill knows,,,,,,,,,,,,,,,,,,,,,,,,"Install mount for topcon on wx station tower
10 litres of antifreeze left behind",
55579650,2021-03-12 11:41:34 -08:00,iPad_186771EF-CF83-474C-B7BE-2AC725137EB9,CHRL - Travis Rice,High Elevation Wx,,3/9/2021 10:44,Vancouver Island,,,,Mt. Arrowsmith,,,,,AB,yes,,,,yes,,,yes,yes,"Socked in, grapple",,12:25:00,no,3990,3,3/9/2021 13:27,328,295,,5280,,1290,5,89.94,93.099,,Snow pillow,4 corner snow pillow,13:00:00,35 minutes,https://drive.google.com/uc?id=1nu_ztvh_16gaiE3l7GitLsvLimbQCcse,,,,,,,,,,,,,,,,,,,,,,,,,,56,20,1:01,no,"Broke up ice, waiting 20 mins for mix. Too slushy to take measurement …0",,,,,,,FTS,On USB bill knows,,,,,,,,,,,,,,,,,,,,,,,,"Install mount for topcon on wx station tower
10 litres of antifreeze left behind",
55579650,2021-03-12 11:41:34 -08:00,iPad_186771EF-CF83-474C-B7BE-2AC725137EB9,CHRL - Travis Rice,High Elevation Wx,,3/9/2021 10:44,Vancouver Island,,,,Mt. Arrowsmith,,,,,AB,yes,,,,yes,,,yes,yes,"Socked in, grapple",,12:25:00,no,3990,4a,3/9/2021 13:30,310,294,,5160,,1170,5,94.84,84.439,,"Not quite ground, listed second part 4b but note that combined is greater than depth.",4 corner snow pillow,13:00:00,35 minutes,https://drive.google.com/uc?id=1nu_ztvh_16gaiE3l7GitLsvLimbQCcse,,,,,,,,,,,,,,,,,,,,,,,,,,56,20,1:01,no,"Broke up ice, waiting 20 mins for mix. Too slushy to take measurement …0",,,,,,,FTS,On USB bill knows,,,,,,,,,,,,,,,,,,,,,,,,"Install mount for topcon on wx station tower
10 litres of antifreeze left behind",
55579650,2021-03-12 11:41:34 -08:00,iPad_186771EF-CF83-474C-B7BE-2AC725137EB9,CHRL - Travis Rice,High Elevation Wx,,3/9/2021 10:44,Vancouver Island,,,,Mt. Arrowsmith,,,,,AB,yes,,,,yes,,,yes,yes,"Socked in, grapple",,12:25:00,no,3990,4b,3/9/2021 13:31,333,50,0,4160,,170,4,15.02,12.269,0.037,Additional part of #4 snow depth is 333 in total,4 corner snow pillow,13:00:00,35 minutes,https://drive.google.com/uc?id=1nu_ztvh_16gaiE3l7GitLsvLimbQCcse,,,,,,,,,,,,,,,,,,,,,,,,,,56,20,1:01,no,"Broke up ice, waiting 20 mins for mix. Too slushy to take measurement …0",,,,,,,FTS,On USB bill knows,,,,,,,,,,,,,,,,,,,,,,,,"Install mount for topcon on wx station tower
10 litres of antifreeze left behind",
55579650,2021-03-12 11:41:34 -08:00,iPad_186771EF-CF83-474C-B7BE-2AC725137EB9,CHRL - Travis Rice,High Elevation Wx,,3/9/2021 10:44,Vancouver Island,,,,Mt. Arrowsmith,,,,,AB,yes,,,,yes,,,yes,yes,,,,,,,,,,,,,,,,,,,,,,,,,,,,,,,,,,,,,,,,,,,,,,,,56,20,1:01,no,"Broke up ice, waiting 20 mins for mix. Too slushy to take measurement …0",,,,,,,FTS,On USB bill knows,,,,,,,,,,,,,,,,,,,,https://drive.google.com/uc?id=1eSru3Bi0flzw3HCCTmb6rA1g4UJTETiZ,,,,"Install mount for topcon on wx station tower
10 litres of antifreeze left behind",
55579650,2021-03-12 11:41:34 -08:00,iPad_186771EF-CF83-474C-B7BE-2AC725137EB9,CHRL - Travis Rice,High Elevation Wx,,3/9/2021 10:44,Vancouver Island,,,,Mt. Arrowsmith,,,,,AB,yes,,,,yes,,,yes,yes,,,,,,,,,,,,,,,,,,,,,,,,,,,,,,,,,,,,,,,,,,,,,,,,56,20,1:01,no,"Broke up ice, waiting 20 mins for mix. Too slushy to take measurement …0",,,,,,,FTS,On USB bill knows,,,,,,,,,,,,,,,,,,,,https://drive.google.com/uc?id=1sCj8Xhc1O2Wh7TsVuAaeEmWMaPU9exv0,,,,"Install mount for topcon on wx station tower
10 litres of antifreeze left behind",
55579650,2021-03-12 11:41:34 -08:00,iPad_186771EF-CF83-474C-B7BE-2AC725137EB9,CHRL - Travis Rice,High Elevation Wx,,3/9/2021 10:44,Vancouver Island,,,,Mt. Arrowsmith,,,,,AB,yes,,,,yes,,,yes,yes,,,,,,,,,,,,,,,,,,,,,,,,,,,,,,,,,,,,,,,,,,,,,,,,56,20,1:01,no,"Broke up ice, waiting 20 mins for mix. Too slushy to take measurement …0",,,,,,,FTS,On USB bill knows,,,,,,,,,,,,,,,,,,,,https://drive.google.com/uc?id=1MY-EChEBmyw4dYDtjFOTo1A4UI6Kf5vt,,,,"Install mount for topcon on wx station tower
10 litres of antifreeze left behind",
55579650,2021-03-12 11:41:34 -08:00,iPad_186771EF-CF83-474C-B7BE-2AC725137EB9,CHRL - Travis Rice,High Elevation Wx,,3/9/2021 10:44,Vancouver Island,,,,Mt. Arrowsmith,,,,,AB,yes,,,,yes,,,yes,yes,,,,,,,,,,,,,,,,,,,,,,,,,,,,,,,,,,,,,,,,,,,,,,,,56,20,1:01,no,"Broke up ice, waiting 20 mins for mix. Too slushy to take measurement …0",,,,,,,FTS,On USB bill knows,,,,,,,,,,,,,,,,,,,,https://drive.google.com/uc?id=1efPe6c3VTCAsA8NemaIxGZijg1v-wdcW,,,,"Install mount for topcon on wx station tower
10 litres of antifreeze left behind",
55579827,2021-03-12 11:49:38 -08:00,iPad_F38B7DE9-9E96-46F1-8A21-B55333832D55,CHRL-Warren Miller,High Elevation Wx,,3/9/2021 9:59,Vancouver Island,,,,Upper Cruickshank,,,,,"Alex Cebulski, Rob White, Emily Haughton",yes,,,,yes,,,yes,yes,"Cloudy, low is, light snow",430,13:06:00,no,8180,1a,3/9/2021 13:12,431,406,2,9810,,1630,5,94.2,117.637,0.274,,Depth at station 374,,,,,,,,,,,,,,,,,,,,,,,,,,,,48.1,166.8,20,?,no,New clear glycol griffin mixed. ,,,,,,,,,,,,,,,,,,,,,,,,,,,,,,,,"Installed GNSS mount
Installed snow stakes
Batt voltage very low at station. Looked at log of failed tx and voltage drops to 10.2 on tx. Solar panel was not covered with snow on arrival. Solar panel reading 22V with full sun which is equal to open circuit voltage on the back. 
So likely not problem with solar panel. 
Unplugged batt cable and hooked up batt charger running from gene charged for about 4 hours. Batt read 11.5 before charge and 11.9 after. 

Consider bringing replacement batt on next visit. ",
55579827,2021-03-12 11:49:38 -08:00,iPad_F38B7DE9-9E96-46F1-8A21-B55333832D55,CHRL-Warren Miller,High Elevation Wx,,3/9/2021 9:59,Vancouver Island,,,,Upper Cruickshank,,,,,"Alex Cebulski, Rob White, Emily Haughton",yes,,,,yes,,,yes,yes,"Cloudy, low is, light snow",430,13:06:00,no,8180,2a,3/9/2021 13:19,442,403,2,9830,,1650,5,91.18,119.08,0.271,,Depth at station 374,,,,,,,,,,,,,,,,,,,,,,,,,,,,48.1,166.8,20,?,no,New clear glycol griffin mixed. ,,,,,,,,,,,,,,,,,,,,,,,,,,,,,,,,"Installed GNSS mount
Installed snow stakes
Batt voltage very low at station. Looked at log of failed tx and voltage drops to 10.2 on tx. Solar panel was not covered with snow on arrival. Solar panel reading 22V with full sun which is equal to open circuit voltage on the back. 
So likely not problem with solar panel. 
Unplugged batt cable and hooked up batt charger running from gene charged for about 4 hours. Batt read 11.5 before charge and 11.9 after. 

Consider bringing replacement batt on next visit. ",
55579827,2021-03-12 11:49:38 -08:00,iPad_F38B7DE9-9E96-46F1-8A21-B55333832D55,CHRL-Warren Miller,High Elevation Wx,,3/9/2021 9:59,Vancouver Island,,,,Upper Cruickshank,,,,,"Alex Cebulski, Rob White, Emily Haughton",yes,,,,yes,,,yes,yes,"Cloudy, low is, light snow",430,13:06:00,no,8180,3a,3/9/2021 13:23,344,307,0,8820,,640,4,89.24,46.189,0.134,,Depth at station 374,,,,,,,,,,,,,,,,,,,,,,,,,,,,48.1,166.8,20,?,no,New clear glycol griffin mixed. ,,,,,,,,,,,,,,,,,,,,,,,,,,,,,,,,"Installed GNSS mount
Installed snow stakes
Batt voltage very low at station. Looked at log of failed tx and voltage drops to 10.2 on tx. Solar panel was not covered with snow on arrival. Solar panel reading 22V with full sun which is equal to open circuit voltage on the back. 
So likely not problem with solar panel. 
Unplugged batt cable and hooked up batt charger running from gene charged for about 4 hours. Batt read 11.5 before charge and 11.9 after. 

Consider bringing replacement batt on next visit. ",
55579827,2021-03-12 11:49:38 -08:00,iPad_F38B7DE9-9E96-46F1-8A21-B55333832D55,CHRL-Warren Miller,High Elevation Wx,,3/9/2021 9:59,Vancouver Island,,,,Upper Cruickshank,,,,,"Alex Cebulski, Rob White, Emily Haughton",yes,,,,yes,,,yes,yes,"Cloudy, low is, light snow",430,13:06:00,no,8180,3b,3/9/2021 13:59,446,121,9,8770,,590,4,27.13,42.58,0.097,,Depth at station 374,,,,,,,,,,,,,,,,,,,,,,,,,,,,48.1,166.8,20,?,no,New clear glycol griffin mixed. ,,,,,,,,,,,,,,,,,,,,,,,,,,,,,,,,"Installed GNSS mount
Installed snow stakes
Batt voltage very low at station. Looked at log of failed tx and voltage drops to 10.2 on tx. Solar panel was not covered with snow on arrival. Solar panel reading 22V with full sun which is equal to open circuit voltage on the back. 
So likely not problem with solar panel. 
Unplugged batt cable and hooked up batt charger running from gene charged for about 4 hours. Batt read 11.5 before charge and 11.9 after. 

Consider bringing replacement batt on next visit. ",
55579827,2021-03-12 11:49:38 -08:00,iPad_F38B7DE9-9E96-46F1-8A21-B55333832D55,CHRL-Warren Miller,High Elevation Wx,,3/9/2021 9:59,Vancouver Island,,,,Upper Cruickshank,,,,,"Alex Cebulski, Rob White, Emily Haughton",yes,,,,yes,,,yes,yes,"Cloudy, low is, light snow",430,13:06:00,no,8180,4a,3/9/2021 14:05,267,192,0,8777,,597,5,71.91,43.085,0.161,This is technically the last core in the transect. Look for flagger on tree to the left of the webcam camera stakes. Starting hitting a layer at the third stn at 285cm that was giving poor results. ,Depth at station 374,,,,,,,,,,,,,,,,,,,,,,,,,,,,48.1,166.8,20,?,no,New clear glycol griffin mixed. ,,,,,,,,,,,,,,,,,,,,,,,,,,,,,,,,"Installed GNSS mount
Installed snow stakes
Batt voltage very low at station. Looked at log of failed tx and voltage drops to 10.2 on tx. Solar panel was not covered with snow on arrival. Solar panel reading 22V with full sun which is equal to open circuit voltage on the back. 
So likely not problem with solar panel. 
Unplugged batt cable and hooked up batt charger running from gene charged for about 4 hours. Batt read 11.5 before charge and 11.9 after. 

Consider bringing replacement batt on next visit. ",
55579827,2021-03-12 11:49:38 -08:00,iPad_F38B7DE9-9E96-46F1-8A21-B55333832D55,CHRL-Warren Miller,High Elevation Wx,,3/9/2021 9:59,Vancouver Island,,,,Upper Cruickshank,,,,,"Alex Cebulski, Rob White, Emily Haughton",yes,,,,yes,,,yes,yes,manually entered by alex using robs note book,430,14:06:00,no,8180,4b,3/9/2021 14:05,,101,0,8730,,550,4,,,,,,,,,,,,,,,,,,,,,,,,,,,,,,,,,48.1,166.8,20,?,no,New clear glycol griffin mixed. ,,,,,,,,,,,,,,,,,,,,,,,,,,,,https://drive.google.com/uc?id=17oT4uePzgvemAbLuEPLNVoppWwZQQweT,,,,"Installed GNSS mount
Installed snow stakes
Batt voltage very low at station. Looked at log of failed tx and voltage drops to 10.2 on tx. Solar panel was not covered with snow on arrival. Solar panel reading 22V with full sun which is equal to open circuit voltage on the back. 
So likely not problem with solar panel. 
Unplugged batt cable and hooked up batt charger running from gene charged for about 4 hours. Batt read 11.5 before charge and 11.9 after. 

Consider bringing replacement batt on next visit. ",
55579827,2021-03-12 11:49:38 -08:00,iPad_F38B7DE9-9E96-46F1-8A21-B55333832D55,CHRL-Warren Miller,High Elevation Wx,,3/9/2021 9:59,Vancouver Island,,,,Upper Cruickshank,,,,,"Alex Cebulski, Rob White, Emily Haughton",yes,,,,yes,,,yes,yes,manually entered by alex using robs note book,430,15:06:00,no,8180,4c,3/9/2021 14:05,403,47,8,8320,,140,4,,,,,,,,,,,,,,,,,,,,,,,,,,,,,,,,,48.1,166.8,20,?,no,New clear glycol griffin mixed. ,,,,,,,,,,,,,,,,,,,,,,,,,,,,https://drive.google.com/uc?id=1Dxd_bZbnEqVWwlzAMx0VL5faB8TsovG5,,,,"Installed GNSS mount
Installed snow stakes
Batt voltage very low at station. Looked at log of failed tx and voltage drops to 10.2 on tx. Solar panel was not covered with snow on arrival. Solar panel reading 22V with full sun which is equal to open circuit voltage on the back. 
So likely not problem with solar panel. 
Unplugged batt cable and hooked up batt charger running from gene charged for about 4 hours. Batt read 11.5 before charge and 11.9 after. 

Consider bringing replacement batt on next visit. ",
55579827,2021-03-12 11:49:38 -08:00,iPad_F38B7DE9-9E96-46F1-8A21-B55333832D55,CHRL-Warren Miller,High Elevation Wx,,3/9/2021 9:59,Vancouver Island,,,,Upper Cruickshank,,,,,"Alex Cebulski, Rob White, Emily Haughton",yes,,,,yes,,,yes,yes,SNOW SCALE SINGLE manually entered by alex using robs note book,430,,,8180,snow scale single density,3/9/2021 14:05,402,331,0,9740,,1560,5,,,,snow scale!,,,,,,,,,,,,,,,,,,,,,,,,,,,,,48.1,166.8,20,?,no,New clear glycol griffin mixed. ,,,,,,,,,,,,,,,,,,,,,,,,,,,,https://drive.google.com/uc?id=1ZOfpqJARFFxrbcAMiJ07sK4xwA5xFxDX,,,,"Installed GNSS mount
Installed snow stakes
Batt voltage very low at station. Looked at log of failed tx and voltage drops to 10.2 on tx. Solar panel was not covered with snow on arrival. Solar panel reading 22V with full sun which is equal to open circuit voltage on the back. 
So likely not problem with solar panel. 
Unplugged batt cable and hooked up batt charger running from gene charged for about 4 hours. Batt read 11.5 before charge and 11.9 after. 

Consider bringing replacement batt on next visit. ",
55579827,2021-03-12 11:49:38 -08:00,iPad_F38B7DE9-9E96-46F1-8A21-B55333832D55,CHRL-Warren Miller,High Elevation Wx,,3/9/2021 9:59,Vancouver Island,,,,Upper Cruickshank,,,,,"Alex Cebulski, Rob White, Emily Haughton",yes,,,,yes,,,yes,yes,,,,,,,,,,,,,,,,,,,,,,,,,,,,,,,,,,,,,,,,,,,,,,,48.1,166.8,20,?,no,New clear glycol griffin mixed. ,,,,,,,,,,,,,,,,,,,,,,,,,,,,https://drive.google.com/uc?id=1mf5z6NRKtFCVCCJd0KGJRgvn6ohoYhpC,,,,"Installed GNSS mount
Installed snow stakes
Batt voltage very low at station. Looked at log of failed tx and voltage drops to 10.2 on tx. Solar panel was not covered with snow on arrival. Solar panel reading 22V with full sun which is equal to open circuit voltage on the back. 
So likely not problem with solar panel. 
Unplugged batt cable and hooked up batt charger running from gene charged for about 4 hours. Batt read 11.5 before charge and 11.9 after. 

Consider bringing replacement batt on next visit. ",
55651504,2021-03-15 12:15:03 -07:00,iPad_186771EF-CF83-474C-B7BE-2AC725137EB9,CHRL - Travis Rice,Russell Creek,,3/11/2021 15:34,,,,,,Steph 2,,,,Gf TD tk,yes,,,,,,,,,"Overcast, calm, no winds",220,15:35:00,yes,,1,3/11/2021 15:35,238,218,0,,960,960,5,91.6,69.283,0.291,,Steph 2,,,,,,,,,,,,,,,,,,,,,,,,,,,,,,,,,,,,,,,,,,,,,,,,,,,,,,,,,,,,,https://drive.google.com/uc?id=1AH24ap6J0SoM4ibK8IhBDzx_ckr6Vhgs,,,,,
55651504,2021-03-15 12:15:03 -07:00,iPad_186771EF-CF83-474C-B7BE-2AC725137EB9,CHRL - Travis Rice,Russell Creek,,3/11/2021 15:34,,,,,,Steph 2,,,,Gf TD tk,yes,,,,,,,,,"Overcast, calm, no winds",220,15:35:00,yes,,2,3/11/2021 15:37,245,205,0,,920,920,5,83.67,66.396,0.271,,Steph 2,,,,,,,,,,,,,,,,,,,,,,,,,,,,,,,,,,,,,,,,,,,,,,,,,,,,,,,,,,,,,https://drive.google.com/uc?id=1AH24ap6J0SoM4ibK8IhBDzx_ckr6Vhgs,,,,,
55651504,2021-03-15 12:15:03 -07:00,iPad_186771EF-CF83-474C-B7BE-2AC725137EB9,CHRL - Travis Rice,Russell Creek,,3/11/2021 15:34,,,,,,Steph 2,,,,Gf TD tk,yes,,,,,,,,,"Overcast, calm, no winds",220,15:35:00,yes,,3,3/11/2021 15:41,243,225,0,,1020,1020,5,92.59,73.613,0.303,,Steph 2,,,,,,,,,,,,,,,,,,,,,,,,,,,,,,,,,,,,,,,,,,,,,,,,,,,,,,,,,,,,,https://drive.google.com/uc?id=1AH24ap6J0SoM4ibK8IhBDzx_ckr6Vhgs,,,,,
55651504,2021-03-15 12:15:03 -07:00,iPad_186771EF-CF83-474C-B7BE-2AC725137EB9,CHRL - Travis Rice,Russell Creek,,3/11/2021 15:34,,,,,,Steph 2,,,,Gf TD tk,yes,,,,,,,,,"Overcast, calm, no winds",220,15:35:00,yes,,4,3/11/2021 15:42,241,218,0,,850,850,5,90.46,61.344,0.255,,Steph 2,,,,,,,,,,,,,,,,,,,,,,,,,,,,,,,,,,,,,,,,,,,,,,,,,,,,,,,,,,,,,https://drive.google.com/uc?id=1AH24ap6J0SoM4ibK8IhBDzx_ckr6Vhgs,,,,,
55651504,2021-03-15 12:15:03 -07:00,iPad_186771EF-CF83-474C-B7BE-2AC725137EB9,CHRL - Travis Rice,Russell Creek,,3/11/2021 15:34,,,,,,Steph 2,,,,Gf TD tk,yes,,,,,,,,,"Overcast, calm, no winds",220,15:35:00,yes,,5,3/11/2021 15:44,237,220,0,,1000,1000,4,92.83,72.17,0.305,,Steph 2,,,,,,,,,,,,,,,,,,,,,,,,,,,,,,,,,,,,,,,,,,,,,,,,,,,,,,,,,,,,,https://drive.google.com/uc?id=1AH24ap6J0SoM4ibK8IhBDzx_ckr6Vhgs,,,,,
55651504,2021-03-15 12:15:03 -07:00,iPad_186771EF-CF83-474C-B7BE-2AC725137EB9,CHRL - Travis Rice,Russell Creek,,3/11/2021 15:34,,,,,,Steph 2,,,,Gf TD tk,yes,,,,,,,,,"Overcast, calm, no winds",220,15:35:00,yes,,6,3/11/2021 15:46,238,215,0,,950,950,5,90.34,68.561,0.288,,Steph 2,,,,,,,,,,,,,,,,,,,,,,,,,,,,,,,,,,,,,,,,,,,,,,,,,,,,,,,,,,,,,https://drive.google.com/uc?id=1AH24ap6J0SoM4ibK8IhBDzx_ckr6Vhgs,,,,,
55651504,2021-03-15 12:15:03 -07:00,iPad_186771EF-CF83-474C-B7BE-2AC725137EB9,CHRL - Travis Rice,Russell Creek,,3/11/2021 15:34,,,,,,Steph 2,,,,Gf TD tk,yes,,,,,,,,,"Overcast, calm, no winds",220,15:35:00,yes,,7,3/11/2021 15:48,234,221,0,,910,910,5,94.44,65.674,0.281,,Steph 2,,,,,,,,,,,,,,,,,,,,,,,,,,,,,,,,,,,,,,,,,,,,,,,,,,,,,,,,,,,,,https://drive.google.com/uc?id=1AH24ap6J0SoM4ibK8IhBDzx_ckr6Vhgs,,,,,
55651504,2021-03-15 12:15:03 -07:00,iPad_186771EF-CF83-474C-B7BE-2AC725137EB9,CHRL - Travis Rice,Russell Creek,,3/11/2021 15:34,,,,,,Steph 2,,,,Gf TD tk,yes,,,,,,,,,"Overcast, calm, no winds",220,15:35:00,yes,,8,3/11/2021 15:49,235,219,0,,890,890,5,93.19,64.231,0.273,,Steph 2,,,,,,,,,,,,,,,,,,,,,,,,,,,,,,,,,,,,,,,,,,,,,,,,,,,,,,,,,,,,,https://drive.google.com/uc?id=1AH24ap6J0SoM4ibK8IhBDzx_ckr6Vhgs,,,,,
55651504,2021-03-15 12:15:03 -07:00,iPad_186771EF-CF83-474C-B7BE-2AC725137EB9,CHRL - Travis Rice,Russell Creek,,3/11/2021 15:34,,,,,,Steph 2,,,,Gf TD tk,yes,,,,,,,,,"Overcast, calm, no winds",220,15:35:00,yes,,9,3/11/2021 15:51,240,214,0,,900,900,5,89.17,64.953,0.271,,Steph 2,,,,,,,,,,,,,,,,,,,,,,,,,,,,,,,,,,,,,,,,,,,,,,,,,,,,,,,,,,,,,https://drive.google.com/uc?id=1AH24ap6J0SoM4ibK8IhBDzx_ckr6Vhgs,,,,,
55651504,2021-03-15 12:15:03 -07:00,iPad_186771EF-CF83-474C-B7BE-2AC725137EB9,CHRL - Travis Rice,Russell Creek,,3/11/2021 15:34,,,,,,Steph 2,,,,Gf TD tk,yes,,,,,,,,,"Overcast, calm, no winds",220,15:35:00,yes,,10,3/11/2021 15:52,243,215,0,,900,900,5,88.48,64.953,0.267,,Steph 2,,,,,,,,,,,,,,,,,,,,,,,,,,,,,,,,,,,,,,,,,,,,,,,,,,,,,,,,,,,,,https://drive.google.com/uc?id=1AH24ap6J0SoM4ibK8IhBDzx_ckr6Vhgs,,,,,
55651687,2021-03-15 12:22:37 -07:00,iPad_186771EF-CF83-474C-B7BE-2AC725137EB9,CHRL - Travis Rice,Russell Creek,,3/11/2021 12:42,,,,,,Steph 1,,,,Gf tk,yes,no,no,yes,no,no,no,yes,no,"Clear sky, little windy ",288,12:46:00,yes,,1,3/11/2021 12:57,220,208,0,,880,880,5,94.55,63.509,0.289,,,,,,,,,,,,,,,,,,,,,,,,,,,,,From last time changing sdiaddress ,,,,,,,,,,,,,Campbell Scientific,Tough2,Desktop ,,,,,,,,,,,,,,,,,,,https://drive.google.com/uc?id=115ekt2f4kUpUUishnEGadguK7E1uPkbN,,,,,
55651687,2021-03-15 12:22:37 -07:00,iPad_186771EF-CF83-474C-B7BE-2AC725137EB9,CHRL - Travis Rice,Russell Creek,,3/11/2021 12:42,,,,,,Steph 1,,,,Gf tk,yes,no,no,yes,no,no,no,yes,no,"Clear sky, little windy ",288,12:46:00,yes,,2,3/11/2021 13:07,190,185,0,,880,880,5,97.37,63.509,0.334,,,,,,,,,,,,,,,,,,,,,,,,,,,,,From last time changing sdiaddress ,,,,,,,,,,,,,Campbell Scientific,Tough2,Desktop ,,,,,,,,,,,,,,,,,,,https://drive.google.com/uc?id=115ekt2f4kUpUUishnEGadguK7E1uPkbN,,,,,
55651687,2021-03-15 12:22:37 -07:00,iPad_186771EF-CF83-474C-B7BE-2AC725137EB9,CHRL - Travis Rice,Russell Creek,,3/11/2021 12:42,,,,,,Steph 1,,,,Gf tk,yes,no,no,yes,no,no,no,yes,no,"Clear sky, little windy ",288,12:46:00,yes,,3,3/11/2021 13:12,281,251,0.1,,1390,1390,4,89.32,100.316,0.357,Probe nearby 302 but core had moss on it,,,,,,,,,,,,,,,,,,,,,,,,,,,,From last time changing sdiaddress ,,,,,,,,,,,,,Campbell Scientific,Tough2,Desktop ,,,,,,,,,,,,,,,,,,,https://drive.google.com/uc?id=115ekt2f4kUpUUishnEGadguK7E1uPkbN,,,,,
55651687,2021-03-15 12:22:37 -07:00,iPad_186771EF-CF83-474C-B7BE-2AC725137EB9,CHRL - Travis Rice,Russell Creek,,3/11/2021 12:42,,,,,,Steph 1,,,,Gf tk,yes,no,no,yes,no,no,no,yes,no,"Clear sky, little windy ",288,12:46:00,yes,,4,3/11/2021 13:28,276,260,0,,1320,1320,5,94.2,95.264,0.345,,,,,,,,,,,,,,,,,,,,,,,,,,,,,From last time changing sdiaddress ,,,,,,,,,,,,,Campbell Scientific,Tough2,Desktop ,,,,,,,,,,,,,,,,,,,https://drive.google.com/uc?id=115ekt2f4kUpUUishnEGadguK7E1uPkbN,,,,,
55651687,2021-03-15 12:22:37 -07:00,iPad_186771EF-CF83-474C-B7BE-2AC725137EB9,CHRL - Travis Rice,Russell Creek,,3/11/2021 12:42,,,,,,Steph 1,,,,Gf tk,yes,no,no,yes,no,no,no,yes,no,"Clear sky, little windy ",288,12:46:00,yes,,5,3/11/2021 13:32,285,239,2,,1280,1280,5,83.86,92.377,0.326,Almost gave birth pushing ,,,,,,,,,,,,,,,,,,,,,,,,,,,,From last time changing sdiaddress ,,,,,,,,,,,,,Campbell Scientific,Tough2,Desktop ,,,,,,,,,,,,,,,,,,,https://drive.google.com/uc?id=115ekt2f4kUpUUishnEGadguK7E1uPkbN,,,,,
55651687,2021-03-15 12:22:37 -07:00,iPad_186771EF-CF83-474C-B7BE-2AC725137EB9,CHRL - Travis Rice,Russell Creek,,3/11/2021 12:42,,,,,,Steph 1,,,,Gf tk,yes,no,no,yes,no,no,no,yes,no,"Clear sky, little windy ",288,12:46:00,yes,,6,3/11/2021 13:49,283,278,5,,1400,1400,5,98.23,101.038,0.363,,,,,,,,,,,,,,,,,,,,,,,,,,,,,From last time changing sdiaddress ,,,,,,,,,,,,,Campbell Scientific,Tough2,Desktop ,,,,,,,,,,,,,,,,,,,https://drive.google.com/uc?id=115ekt2f4kUpUUishnEGadguK7E1uPkbN,,,,,
55651687,2021-03-15 12:22:37 -07:00,iPad_186771EF-CF83-474C-B7BE-2AC725137EB9,CHRL - Travis Rice,Russell Creek,,3/11/2021 12:42,,,,,,Steph 1,,,,Gf tk,yes,no,no,yes,no,no,no,yes,no,"Clear sky, little windy ",288,12:46:00,yes,,7,3/11/2021 13:59,259,253,6,,1150,1150,5,97.68,82.995,0.328,,,,,,,,,,,,,,,,,,,,,,,,,,,,,From last time changing sdiaddress ,,,,,,,,,,,,,Campbell Scientific,Tough2,Desktop ,,,,,,,,,,,,,,,,,,,https://drive.google.com/uc?id=115ekt2f4kUpUUishnEGadguK7E1uPkbN,,,,,
55651687,2021-03-15 12:22:37 -07:00,iPad_186771EF-CF83-474C-B7BE-2AC725137EB9,CHRL - Travis Rice,Russell Creek,,3/11/2021 12:42,,,,,,Steph 1,,,,Gf tk,yes,no,no,yes,no,no,no,yes,no,"Clear sky, little windy ",288,12:46:00,yes,,8,3/11/2021 14:02,241,224,1,,1070,1070,5,92.95,77.222,0.322,,,,,,,,,,,,,,,,,,,,,,,,,,,,,From last time changing sdiaddress ,,,,,,,,,,,,,Campbell Scientific,Tough2,Desktop ,,,,,,,,,,,,,,,,,,,https://drive.google.com/uc?id=115ekt2f4kUpUUishnEGadguK7E1uPkbN,,,,,
55651687,2021-03-15 12:22:37 -07:00,iPad_186771EF-CF83-474C-B7BE-2AC725137EB9,CHRL - Travis Rice,Russell Creek,,3/11/2021 12:42,,,,,,Steph 1,,,,Gf tk,yes,no,no,yes,no,no,no,yes,no,"Clear sky, little windy ",288,12:46:00,yes,,9,3/11/2021 14:04,257,250,10,,1115,1115,5,97.28,80.469,0.326,,,,,,,,,,,,,,,,,,,,,,,,,,,,,From last time changing sdiaddress ,,,,,,,,,,,,,Campbell Scientific,Tough2,Desktop ,,,,,,,,,,,,,,,,,,,https://drive.google.com/uc?id=115ekt2f4kUpUUishnEGadguK7E1uPkbN,,,,,
55651687,2021-03-15 12:22:37 -07:00,iPad_186771EF-CF83-474C-B7BE-2AC725137EB9,CHRL - Travis Rice,Russell Creek,,3/11/2021 12:42,,,,,,Steph 1,,,,Gf tk,yes,no,no,yes,no,no,no,yes,no,"Clear sky, little windy ",288,12:46:00,yes,,10,3/11/2021 14:08,205,200,4,,870,870,5,97.56,62.788,0.312,1 to 10 done north to south on the snowcourse,,,,,,,,,,,,,,,,,,,,,,,,,,,,From last time changing sdiaddress ,,,,,,,,,,,,,Campbell Scientific,Tough2,Desktop ,,,,,,,,,,,,,,,,,,,https://drive.google.com/uc?id=115ekt2f4kUpUUishnEGadguK7E1uPkbN,,,,,
55651689,2021-03-15 12:22:41 -07:00,iPad_186771EF-CF83-474C-B7BE-2AC725137EB9,CHRL - Travis Rice,Russell Creek,,3/12/2021 9:03,,,,,,Upper Russell,,,,Gf tk,no,no,no,no,yes,no,no,yes,no,,,,,,,,,,,,,,,,,,,,,,,,,,,,,,,,,,,,,,,,,,,,,,,171,20,20,50 50,no,Measured amount does not compute with pressure transducer reading. 171cm measured 151,,,,,,,Campbell Scientific,Tough2,,,,,,,,,,,,,,,,,,,,https://drive.google.com/uc?id=10F5jIUQz9qhPN3oh0mLFsb5-wmfiko0H,,,,Creek depth reading .121but see photo for measurement gauge depth,9:16:00
55651689,2021-03-15 12:22:41 -07:00,iPad_186771EF-CF83-474C-B7BE-2AC725137EB9,CHRL - Travis Rice,Russell Creek,,3/12/2021 9:03,,,,,,Upper Russell,,,,Gf tk,no,no,no,no,yes,no,no,yes,no,,,,,,,,,,,,,,,,,,,,,,,,,,,,,,,,,,,,,,,,,,,,,,,171,20,20,50 50,no,Measured amount does not compute with pressure transducer reading. 171cm measured 151,,,,,,,Campbell Scientific,Tough2,,,,,,,,,,,,,,,,,,,,https://drive.google.com/uc?id=1KmvpcZJTHkHzKWp1_wKCOEemNl4E9rl7,,,,Creek depth reading .121but see photo for measurement gauge depth,9:16:00
55651754,2021-03-15 12:26:01 -07:00,iPad_186771EF-CF83-474C-B7BE-2AC725137EB9,CHRL - Travis Rice,Russell Creek,,3/12/2021 9:36,,,,,,Steph 8,,,,Gf tk,yes,no,no,no,no,no,no,yes,no,Light rain,60,9:38:00,yes,,10,3/12/2021 9:45,70,57,2,,300,300,3,81.43,21.651,0.318,,Suspect bad tare for 6 7 8 9,10:17:00,39 minutes,,,,,,,,,,,,,,,,,,,,,,,,,,,,,,,,,,,,,,Campbell Scientific,Tough2,,,,,,,,,,,,,,,,,,,,https://drive.google.com/uc?id=1QrUZKBjB5SMuQznuGG44k0_ET_-QXq_G,,,,,
55651754,2021-03-15 12:26:01 -07:00,iPad_186771EF-CF83-474C-B7BE-2AC725137EB9,CHRL - Travis Rice,Russell Creek,,3/12/2021 9:36,,,,,,Steph 8,,,,Gf tk,yes,no,no,no,no,no,no,yes,no,Light rain,60,9:38:00,yes,,9,3/12/2021 9:45,73,54,0,,240,240,3,73.97,17.321,0.237,,Suspect bad tare for 6 7 8 9,10:17:00,39 minutes,,,,,,,,,,,,,,,,,,,,,,,,,,,,,,,,,,,,,,Campbell Scientific,Tough2,,,,,,,,,,,,,,,,,,,,https://drive.google.com/uc?id=1QrUZKBjB5SMuQznuGG44k0_ET_-QXq_G,,,,,
55651754,2021-03-15 12:26:01 -07:00,iPad_186771EF-CF83-474C-B7BE-2AC725137EB9,CHRL - Travis Rice,Russell Creek,,3/12/2021 9:36,,,,,,Steph 8,,,,Gf tk,yes,no,no,no,no,no,no,yes,no,Light rain,60,9:38:00,yes,,8,3/12/2021 9:49,74,63,1,,260,260,3,85.14,18.764,0.257,,Suspect bad tare for 6 7 8 9,10:17:00,39 minutes,,,,,,,,,,,,,,,,,,,,,,,,,,,,,,,,,,,,,,Campbell Scientific,Tough2,,,,,,,,,,,,,,,,,,,,https://drive.google.com/uc?id=1QrUZKBjB5SMuQznuGG44k0_ET_-QXq_G,,,,,
55651754,2021-03-15 12:26:01 -07:00,iPad_186771EF-CF83-474C-B7BE-2AC725137EB9,CHRL - Travis Rice,Russell Creek,,3/12/2021 9:36,,,,,,Steph 8,,,,Gf tk,yes,no,no,no,no,no,no,yes,no,Light rain,60,9:38:00,yes,,7,3/12/2021 9:50,73,62,2,,240,240,3,84.93,17.321,0.244,,Suspect bad tare for 6 7 8 9,10:17:00,39 minutes,,,,,,,,,,,,,,,,,,,,,,,,,,,,,,,,,,,,,,Campbell Scientific,Tough2,,,,,,,,,,,,,,,,,,,,https://drive.google.com/uc?id=1QrUZKBjB5SMuQznuGG44k0_ET_-QXq_G,,,,,
55651754,2021-03-15 12:26:01 -07:00,iPad_186771EF-CF83-474C-B7BE-2AC725137EB9,CHRL - Travis Rice,Russell Creek,,3/12/2021 9:36,,,,,,Steph 8,,,,Gf tk,yes,no,no,no,no,no,no,yes,no,Light rain,60,9:38:00,yes,,6,3/12/2021 9:53,70,64,0,,230,230,3,91.43,16.599,0.237,3.02-2.79,Suspect bad tare for 6 7 8 9,10:17:00,39 minutes,,,,,,,,,,,,,,,,,,,,,,,,,,,,,,,,,,,,,,Campbell Scientific,Tough2,,,,,,,,,,,,,,,,,,,,https://drive.google.com/uc?id=1QrUZKBjB5SMuQznuGG44k0_ET_-QXq_G,,,,,
55651754,2021-03-15 12:26:01 -07:00,iPad_186771EF-CF83-474C-B7BE-2AC725137EB9,CHRL - Travis Rice,Russell Creek,,3/12/2021 9:36,,,,,,Steph 8,,,,Gf tk,yes,no,no,no,no,no,no,yes,no,Light rain,60,9:38:00,yes,,5,3/12/2021 9:57,71,60,0.1,,300,300,5,84.51,21.651,0.305,,Suspect bad tare for 6 7 8 9,10:17:00,39 minutes,,,,,,,,,,,,,,,,,,,,,,,,,,,,,,,,,,,,,,Campbell Scientific,Tough2,,,,,,,,,,,,,,,,,,,,https://drive.google.com/uc?id=1QrUZKBjB5SMuQznuGG44k0_ET_-QXq_G,,,,,
55651754,2021-03-15 12:26:01 -07:00,iPad_186771EF-CF83-474C-B7BE-2AC725137EB9,CHRL - Travis Rice,Russell Creek,,3/12/2021 9:36,,,,,,Steph 8,,,,Gf tk,yes,no,no,no,no,no,no,yes,no,Light rain,60,9:38:00,yes,,4,3/12/2021 10:02,68,51,0,,270,270,4,75,19.486,0.287,,Suspect bad tare for 6 7 8 9,10:17:00,39 minutes,,,,,,,,,,,,,,,,,,,,,,,,,,,,,,,,,,,,,,Campbell Scientific,Tough2,,,,,,,,,,,,,,,,,,,,https://drive.google.com/uc?id=1QrUZKBjB5SMuQznuGG44k0_ET_-QXq_G,,,,,
55651754,2021-03-15 12:26:01 -07:00,iPad_186771EF-CF83-474C-B7BE-2AC725137EB9,CHRL - Travis Rice,Russell Creek,,3/12/2021 9:36,,,,,,Steph 8,,,,Gf tk,yes,no,no,no,no,no,no,yes,no,Light rain,60,9:38:00,yes,,3,3/12/2021 10:03,71,63,2,,300,300,5,88.73,21.651,0.314,,Suspect bad tare for 6 7 8 9,10:17:00,39 minutes,,,,,,,,,,,,,,,,,,,,,,,,,,,,,,,,,,,,,,Campbell Scientific,Tough2,,,,,,,,,,,,,,,,,,,,https://drive.google.com/uc?id=1QrUZKBjB5SMuQznuGG44k0_ET_-QXq_G,,,,,
55651754,2021-03-15 12:26:01 -07:00,iPad_186771EF-CF83-474C-B7BE-2AC725137EB9,CHRL - Travis Rice,Russell Creek,,3/12/2021 9:36,,,,,,Steph 8,,,,Gf tk,yes,no,no,no,no,no,no,yes,no,Light rain,60,9:38:00,yes,,2,3/12/2021 10:05,66,55,0.1,,270,270,5,83.33,19.486,0.296,,Suspect bad tare for 6 7 8 9,10:17:00,39 minutes,,,,,,,,,,,,,,,,,,,,,,,,,,,,,,,,,,,,,,Campbell Scientific,Tough2,,,,,,,,,,,,,,,,,,,,https://drive.google.com/uc?id=1QrUZKBjB5SMuQznuGG44k0_ET_-QXq_G,,,,,
55651754,2021-03-15 12:26:01 -07:00,iPad_186771EF-CF83-474C-B7BE-2AC725137EB9,CHRL - Travis Rice,Russell Creek,,3/12/2021 9:36,,,,,,Steph 8,,,,Gf tk,yes,no,no,no,no,no,no,yes,no,Light rain,60,9:38:00,yes,,1,3/12/2021 10:08,69,53,4,,270,270,5,76.81,19.486,0.3,,Suspect bad tare for 6 7 8 9,10:17:00,39 minutes,,,,,,,,,,,,,,,,,,,,,,,,,,,,,,,,,,,,,,Campbell Scientific,Tough2,,,,,,,,,,,,,,,,,,,,https://drive.google.com/uc?id=1QrUZKBjB5SMuQznuGG44k0_ET_-QXq_G,,,,,
55651767,2021-03-15 12:26:41 -07:00,iPad_186771EF-CF83-474C-B7BE-2AC725137EB9,CHRL - Travis Rice,Russell Creek,,3/12/2021 10:18,,,,,,Steph 7,,,,Gf tk,yes,no,no,no,no,no,no,yes,no,Light snow/rain,69,10:18:00,yes,,1,3/12/2021 10:25,77,66,2,,300,300,4,85.71,21.651,0.289,,Steph 7,,,,,,,,,,,,,,,,,,,,,,,,,,,,,,,,,,,,,,,,Campbell Scientific,Tough2,,,,,,,,,,,,,,,,,,,,https://drive.google.com/uc?id=13PGlOGoQhV3MrzW6HWzYKFx5-pltqU0s,,,,,
55651767,2021-03-15 12:26:41 -07:00,iPad_186771EF-CF83-474C-B7BE-2AC725137EB9,CHRL - Travis Rice,Russell Creek,,3/12/2021 10:18,,,,,,Steph 7,,,,Gf tk,yes,no,no,no,no,no,no,yes,no,Light snow/rain,69,10:18:00,yes,,2,3/12/2021 10:31,74,61,0,,300,300,5,82.43,21.651,0.293,,Steph 7,,,,,,,,,,,,,,,,,,,,,,,,,,,,,,,,,,,,,,,,Campbell Scientific,Tough2,,,,,,,,,,,,,,,,,,,,https://drive.google.com/uc?id=13PGlOGoQhV3MrzW6HWzYKFx5-pltqU0s,,,,,
55651767,2021-03-15 12:26:41 -07:00,iPad_186771EF-CF83-474C-B7BE-2AC725137EB9,CHRL - Travis Rice,Russell Creek,,3/12/2021 10:18,,,,,,Steph 7,,,,Gf tk,yes,no,no,no,no,no,no,yes,no,Light snow/rain,69,10:18:00,yes,,3,3/12/2021 10:35,75,64,0,,320,320,5,85.33,23.094,0.308,,Steph 7,,,,,,,,,,,,,,,,,,,,,,,,,,,,,,,,,,,,,,,,Campbell Scientific,Tough2,,,,,,,,,,,,,,,,,,,,https://drive.google.com/uc?id=13PGlOGoQhV3MrzW6HWzYKFx5-pltqU0s,,,,,
55651767,2021-03-15 12:26:41 -07:00,iPad_186771EF-CF83-474C-B7BE-2AC725137EB9,CHRL - Travis Rice,Russell Creek,,3/12/2021 10:18,,,,,,Steph 7,,,,Gf tk,yes,no,no,no,no,no,no,yes,no,Light snow/rain,69,10:18:00,yes,,4,3/12/2021 10:37,75,66,0,,350,350,5,88,25.259,0.337,,Steph 7,,,,,,,,,,,,,,,,,,,,,,,,,,,,,,,,,,,,,,,,Campbell Scientific,Tough2,,,,,,,,,,,,,,,,,,,,https://drive.google.com/uc?id=13PGlOGoQhV3MrzW6HWzYKFx5-pltqU0s,,,,,
55651767,2021-03-15 12:26:41 -07:00,iPad_186771EF-CF83-474C-B7BE-2AC725137EB9,CHRL - Travis Rice,Russell Creek,,3/12/2021 10:18,,,,,,Steph 7,,,,Gf tk,yes,no,no,no,no,no,no,yes,no,Light snow/rain,69,10:18:00,yes,,5,3/12/2021 10:41,71,64,0,,280,280,5,90.14,20.208,0.285,,Steph 7,,,,,,,,,,,,,,,,,,,,,,,,,,,,,,,,,,,,,,,,Campbell Scientific,Tough2,,,,,,,,,,,,,,,,,,,,https://drive.google.com/uc?id=13PGlOGoQhV3MrzW6HWzYKFx5-pltqU0s,,,,,
55651767,2021-03-15 12:26:41 -07:00,iPad_186771EF-CF83-474C-B7BE-2AC725137EB9,CHRL - Travis Rice,Russell Creek,,3/12/2021 10:18,,,,,,Steph 7,,,,Gf tk,yes,no,no,no,no,no,no,yes,no,Light snow/rain,69,10:18:00,yes,,6,3/12/2021 10:45,72,60,0,,290,290,4,83.33,20.929,0.291,,Steph 7,,,,,,,,,,,,,,,,,,,,,,,,,,,,,,,,,,,,,,,,Campbell Scientific,Tough2,,,,,,,,,,,,,,,,,,,,https://drive.google.com/uc?id=13PGlOGoQhV3MrzW6HWzYKFx5-pltqU0s,,,,,
55651767,2021-03-15 12:26:41 -07:00,iPad_186771EF-CF83-474C-B7BE-2AC725137EB9,CHRL - Travis Rice,Russell Creek,,3/12/2021 10:18,,,,,,Steph 7,,,,Gf tk,yes,no,no,no,no,no,no,yes,no,Light snow/rain,69,10:18:00,yes,,7,3/12/2021 10:47,70,60,0,,280,280,5,85.71,20.208,0.289,,Steph 7,,,,,,,,,,,,,,,,,,,,,,,,,,,,,,,,,,,,,,,,Campbell Scientific,Tough2,,,,,,,,,,,,,,,,,,,,https://drive.google.com/uc?id=13PGlOGoQhV3MrzW6HWzYKFx5-pltqU0s,,,,,
55651767,2021-03-15 12:26:41 -07:00,iPad_186771EF-CF83-474C-B7BE-2AC725137EB9,CHRL - Travis Rice,Russell Creek,,3/12/2021 10:18,,,,,,Steph 7,,,,Gf tk,yes,no,no,no,no,no,no,yes,no,Light snow/rain,69,10:18:00,yes,,8,3/12/2021 10:51,67,64,0,,300,300,5,95.52,21.651,0.323,,Steph 7,,,,,,,,,,,,,,,,,,,,,,,,,,,,,,,,,,,,,,,,Campbell Scientific,Tough2,,,,,,,,,,,,,,,,,,,,https://drive.google.com/uc?id=13PGlOGoQhV3MrzW6HWzYKFx5-pltqU0s,,,,,
55651767,2021-03-15 12:26:41 -07:00,iPad_186771EF-CF83-474C-B7BE-2AC725137EB9,CHRL - Travis Rice,Russell Creek,,3/12/2021 10:18,,,,,,Steph 7,,,,Gf tk,yes,no,no,no,no,no,no,yes,no,Light snow/rain,69,10:18:00,yes,,9,3/12/2021 10:52,72,62,0,,300,300,5,86.11,21.651,0.301,,Steph 7,,,,,,,,,,,,,,,,,,,,,,,,,,,,,,,,,,,,,,,,Campbell Scientific,Tough2,,,,,,,,,,,,,,,,,,,,https://drive.google.com/uc?id=13PGlOGoQhV3MrzW6HWzYKFx5-pltqU0s,,,,,
55651767,2021-03-15 12:26:41 -07:00,iPad_186771EF-CF83-474C-B7BE-2AC725137EB9,CHRL - Travis Rice,Russell Creek,,3/12/2021 10:18,,,,,,Steph 7,,,,Gf tk,yes,no,no,no,no,no,no,yes,no,Light snow/rain,69,10:18:00,yes,,10,3/12/2021 10:53,65,55,0,,270,270,5,84.62,19.486,0.3,,Steph 7,,,,,,,,,,,,,,,,,,,,,,,,,,,,,,,,,,,,,,,,Campbell Scientific,Tough2,,,,,,,,,,,,,,,,,,,,https://drive.google.com/uc?id=13PGlOGoQhV3MrzW6HWzYKFx5-pltqU0s,,,,,
55651769,2021-03-15 12:26:51 -07:00,iPad_186771EF-CF83-474C-B7BE-2AC725137EB9,CHRL - Travis Rice,Russell Creek,,3/12/2021 11:06,,,,,,Steph 6,,,,TK GF,yes,,,,yes,,,yes,,"Light snow, rain ",137,11:09:00,yes,,1,3/12/2021 11:15,142,122,2,,570,570,5,85.92,41.137,0.294,,Started at ditch ended at log,11:58:00,49 minutes,,,,,,,,,,,,,,,,,,,,,,,,,,179,19,20,505p,no,Pt reading 184 start. 181 from top,,,,,,,Campbell Scientific,Tough2,,,,,,,,,,,,,,,,,,,,https://drive.google.com/uc?id=1p2IMR4f_8wR6AQRGjS-4-tkHCNvlWFWO,,,,,12:06:00
55651769,2021-03-15 12:26:51 -07:00,iPad_186771EF-CF83-474C-B7BE-2AC725137EB9,CHRL - Travis Rice,Russell Creek,,3/12/2021 11:06,,,,,,Steph 6,,,,TK GF,yes,,,,yes,,,yes,,"Light snow, rain ",137,11:09:00,yes,,2,3/12/2021 11:17,137,115,0,,510,510,4,83.94,36.807,0.269,,Started at ditch ended at log,11:58:00,49 minutes,,,,,,,,,,,,,,,,,,,,,,,,,,179,19,20,505p,no,Pt reading 184 start. 181 from top,,,,,,,Campbell Scientific,Tough2,,,,,,,,,,,,,,,,,,,,https://drive.google.com/uc?id=1p2IMR4f_8wR6AQRGjS-4-tkHCNvlWFWO,,,,,12:06:00
55651769,2021-03-15 12:26:51 -07:00,iPad_186771EF-CF83-474C-B7BE-2AC725137EB9,CHRL - Travis Rice,Russell Creek,,3/12/2021 11:06,,,,,,Steph 6,,,,TK GF,yes,,,,yes,,,yes,,"Light snow, rain ",137,11:09:00,yes,,3,3/12/2021 11:21,137,115,0,,510,510,5,83.94,36.807,0.269,,Started at ditch ended at log,11:58:00,49 minutes,,,,,,,,,,,,,,,,,,,,,,,,,,179,19,20,505p,no,Pt reading 184 start. 181 from top,,,,,,,Campbell Scientific,Tough2,,,,,,,,,,,,,,,,,,,,https://drive.google.com/uc?id=1p2IMR4f_8wR6AQRGjS-4-tkHCNvlWFWO,,,,,12:06:00
55651769,2021-03-15 12:26:51 -07:00,iPad_186771EF-CF83-474C-B7BE-2AC725137EB9,CHRL - Travis Rice,Russell Creek,,3/12/2021 11:06,,,,,,Steph 6,,,,TK GF,yes,,,,yes,,,yes,,"Light snow, rain ",137,11:09:00,yes,,4,3/12/2021 11:29,136,109,0,,470,470,5,80.15,33.92,0.249,,Started at ditch ended at log,11:58:00,49 minutes,,,,,,,,,,,,,,,,,,,,,,,,,,179,19,20,505p,no,Pt reading 184 start. 181 from top,,,,,,,Campbell Scientific,Tough2,,,,,,,,,,,,,,,,,,,,https://drive.google.com/uc?id=1p2IMR4f_8wR6AQRGjS-4-tkHCNvlWFWO,,,,,12:06:00
55651769,2021-03-15 12:26:51 -07:00,iPad_186771EF-CF83-474C-B7BE-2AC725137EB9,CHRL - Travis Rice,Russell Creek,,3/12/2021 11:06,,,,,,Steph 6,,,,TK GF,yes,,,,yes,,,yes,,"Light snow, rain ",137,11:09:00,yes,,5,3/12/2021 11:30,134,119,0,,500,500,5,88.81,36.085,0.269,,Started at ditch ended at log,11:58:00,49 minutes,,,,,,,,,,,,,,,,,,,,,,,,,,179,19,20,505p,no,Pt reading 184 start. 181 from top,,,,,,,Campbell Scientific,Tough2,,,,,,,,,,,,,,,,,,,,https://drive.google.com/uc?id=1p2IMR4f_8wR6AQRGjS-4-tkHCNvlWFWO,,,,,12:06:00
55651769,2021-03-15 12:26:51 -07:00,iPad_186771EF-CF83-474C-B7BE-2AC725137EB9,CHRL - Travis Rice,Russell Creek,,3/12/2021 11:06,,,,,,Steph 6,,,,TK GF,yes,,,,yes,,,yes,,"Light snow, rain ",137,11:09:00,yes,,6,3/12/2021 11:32,136,112,0,,450,450,5,82.35,32.476,0.239,,Started at ditch ended at log,11:58:00,49 minutes,,,,,,,,,,,,,,,,,,,,,,,,,,179,19,20,505p,no,Pt reading 184 start. 181 from top,,,,,,,Campbell Scientific,Tough2,,,,,,,,,,,,,,,,,,,,https://drive.google.com/uc?id=1p2IMR4f_8wR6AQRGjS-4-tkHCNvlWFWO,,,,,12:06:00
55651769,2021-03-15 12:26:51 -07:00,iPad_186771EF-CF83-474C-B7BE-2AC725137EB9,CHRL - Travis Rice,Russell Creek,,3/12/2021 11:06,,,,,,Steph 6,,,,TK GF,yes,,,,yes,,,yes,,"Light snow, rain ",137,11:09:00,yes,,7,3/12/2021 11:34,134,115,0,,430,430,5,85.82,31.033,0.232,,Started at ditch ended at log,11:58:00,49 minutes,,,,,,,,,,,,,,,,,,,,,,,,,,179,19,20,505p,no,Pt reading 184 start. 181 from top,,,,,,,Campbell Scientific,Tough2,,,,,,,,,,,,,,,,,,,,https://drive.google.com/uc?id=1p2IMR4f_8wR6AQRGjS-4-tkHCNvlWFWO,,,,,12:06:00
55651769,2021-03-15 12:26:51 -07:00,iPad_186771EF-CF83-474C-B7BE-2AC725137EB9,CHRL - Travis Rice,Russell Creek,,3/12/2021 11:06,,,,,,Steph 6,,,,TK GF,yes,,,,yes,,,yes,,"Light snow, rain ",137,11:09:00,yes,,8,3/12/2021 11:36,132,105,0,,510,510,5,79.55,36.807,0.279,,Started at ditch ended at log,11:58:00,49 minutes,,,,,,,,,,,,,,,,,,,,,,,,,,179,19,20,505p,no,Pt reading 184 start. 181 from top,,,,,,,Campbell Scientific,Tough2,,,,,,,,,,,,,,,,,,,,https://drive.google.com/uc?id=1p2IMR4f_8wR6AQRGjS-4-tkHCNvlWFWO,,,,,12:06:00
55651769,2021-03-15 12:26:51 -07:00,iPad_186771EF-CF83-474C-B7BE-2AC725137EB9,CHRL - Travis Rice,Russell Creek,,3/12/2021 11:06,,,,,,Steph 6,,,,TK GF,yes,,,,yes,,,yes,,"Light snow, rain ",137,11:09:00,yes,,9,3/12/2021 11:39,111,101,0,,360,360,5,90.99,25.981,0.234,,Started at ditch ended at log,11:58:00,49 minutes,,,,,,,,,,,,,,,,,,,,,,,,,,179,19,20,505p,no,Pt reading 184 start. 181 from top,,,,,,,Campbell Scientific,Tough2,,,,,,,,,,,,,,,,,,,,https://drive.google.com/uc?id=1p2IMR4f_8wR6AQRGjS-4-tkHCNvlWFWO,,,,,12:06:00
55651769,2021-03-15 12:26:51 -07:00,iPad_186771EF-CF83-474C-B7BE-2AC725137EB9,CHRL - Travis Rice,Russell Creek,,3/12/2021 11:06,,,,,,Steph 6,,,,TK GF,yes,,,,yes,,,yes,,"Light snow, rain ",137,11:09:00,yes,,10,3/12/2021 11:43,123,105,0,,490,490,5,85.37,35.363,0.288,,Started at ditch ended at log,11:58:00,49 minutes,,,,,,,,,,,,,,,,,,,,,,,,,,179,19,20,505p,no,Pt reading 184 start. 181 from top,,,,,,,Campbell Scientific,Tough2,,,,,,,,,,,,,,,,,,,,https://drive.google.com/uc?id=1p2IMR4f_8wR6AQRGjS-4-tkHCNvlWFWO,,,,,12:06:00
55783511,2021-03-18 12:18:38 -07:00,iPad_F38B7DE9-9E96-46F1-8A21-B55333832D55,CHRL-Warren Miller,Russell Creek,,3/11/2021 16:27,,,,,,Steph 4,,,,Td,yes,no,no,no,no,no,no,no,no,High cloud,137,16:28:00,yes,,1,3/18/2021 12:11,143,125,0,,580,580,4,87.41,41.858,0.293,,Enter red opposite order of field notes. Core 1 is now by tower 10 downhill,16:55:00,27 minutes,,,,,,,,,,,,,,,,,,,,,,,,,,,,,,,,,,,,,,,,,,,,,,,,,,,,,,,,,,,,,,,Separate form from wx data,
55783511,2021-03-18 12:18:38 -07:00,iPad_F38B7DE9-9E96-46F1-8A21-B55333832D55,CHRL-Warren Miller,Russell Creek,,3/11/2021 16:27,,,,,,Steph 4,,,,Td,yes,no,no,no,no,no,no,no,no,High cloud,137,16:28:00,yes,,2,3/18/2021 12:12,145,120,0,,550,550,5,82.76,39.693,0.274,,Enter red opposite order of field notes. Core 1 is now by tower 10 downhill,16:55:00,27 minutes,,,,,,,,,,,,,,,,,,,,,,,,,,,,,,,,,,,,,,,,,,,,,,,,,,,,,,,,,,,,,,,Separate form from wx data,
55783511,2021-03-18 12:18:38 -07:00,iPad_F38B7DE9-9E96-46F1-8A21-B55333832D55,CHRL-Warren Miller,Russell Creek,,3/11/2021 16:27,,,,,,Steph 4,,,,Td,yes,no,no,no,no,no,no,no,no,High cloud,137,16:28:00,yes,,3,3/18/2021 12:12,146,132,0,,540,540,5,90.41,38.972,0.267,,Enter red opposite order of field notes. Core 1 is now by tower 10 downhill,16:55:00,27 minutes,,,,,,,,,,,,,,,,,,,,,,,,,,,,,,,,,,,,,,,,,,,,,,,,,,,,,,,,,,,,,,,Separate form from wx data,
55783511,2021-03-18 12:18:38 -07:00,iPad_F38B7DE9-9E96-46F1-8A21-B55333832D55,CHRL-Warren Miller,Russell Creek,,3/11/2021 16:27,,,,,,Steph 4,,,,Td,yes,no,no,no,no,no,no,no,no,High cloud,137,16:28:00,yes,,4,3/18/2021 12:13,150,131,0,,550,550,5,87.33,39.693,0.265,,Enter red opposite order of field notes. Core 1 is now by tower 10 downhill,16:55:00,27 minutes,,,,,,,,,,,,,,,,,,,,,,,,,,,,,,,,,,,,,,,,,,,,,,,,,,,,,,,,,,,,,,,Separate form from wx data,
55783511,2021-03-18 12:18:38 -07:00,iPad_F38B7DE9-9E96-46F1-8A21-B55333832D55,CHRL-Warren Miller,Russell Creek,,3/11/2021 16:27,,,,,,Steph 4,,,,Td,yes,no,no,no,no,no,no,no,no,High cloud,137,16:28:00,yes,,5,3/18/2021 12:13,149,129,0,,530,530,5,86.58,38.25,0.257,,Enter red opposite order of field notes. Core 1 is now by tower 10 downhill,16:55:00,27 minutes,,,,,,,,,,,,,,,,,,,,,,,,,,,,,,,,,,,,,,,,,,,,,,,,,,,,,,,,,,,,,,,Separate form from wx data,
55783511,2021-03-18 12:18:38 -07:00,iPad_F38B7DE9-9E96-46F1-8A21-B55333832D55,CHRL-Warren Miller,Russell Creek,,3/11/2021 16:27,,,,,,Steph 4,,,,Td,yes,no,no,no,no,no,no,no,no,High cloud,137,16:28:00,yes,,6,3/18/2021 12:14,153,123,0,,590,590,5,80.39,42.58,0.278,,Enter red opposite order of field notes. Core 1 is now by tower 10 downhill,16:55:00,27 minutes,,,,,,,,,,,,,,,,,,,,,,,,,,,,,,,,,,,,,,,,,,,,,,,,,,,,,,,,,,,,,,,Separate form from wx data,
55783511,2021-03-18 12:18:38 -07:00,iPad_F38B7DE9-9E96-46F1-8A21-B55333832D55,CHRL-Warren Miller,Russell Creek,,3/11/2021 16:27,,,,,,Steph 4,,,,Td,yes,no,no,no,no,no,no,no,no,High cloud,137,16:28:00,yes,,7,3/18/2021 12:14,154,130,0,,550,550,5,84.42,39.693,0.258,,Enter red opposite order of field notes. Core 1 is now by tower 10 downhill,16:55:00,27 minutes,,,,,,,,,,,,,,,,,,,,,,,,,,,,,,,,,,,,,,,,,,,,,,,,,,,,,,,,,,,,,,,Separate form from wx data,
55783511,2021-03-18 12:18:38 -07:00,iPad_F38B7DE9-9E96-46F1-8A21-B55333832D55,CHRL-Warren Miller,Russell Creek,,3/11/2021 16:27,,,,,,Steph 4,,,,Td,yes,no,no,no,no,no,no,no,no,High cloud,137,16:28:00,yes,,8,3/18/2021 12:14,156,128,0,,440,440,2,82.05,31.755,0.204,Suspect bad tare or 540g not 440?,Enter red opposite order of field notes. Core 1 is now by tower 10 downhill,16:55:00,27 minutes,,,,,,,,,,,,,,,,,,,,,,,,,,,,,,,,,,,,,,,,,,,,,,,,,,,,,,,,,,,,,,,Separate form from wx data,
55783511,2021-03-18 12:18:38 -07:00,iPad_F38B7DE9-9E96-46F1-8A21-B55333832D55,CHRL-Warren Miller,Russell Creek,,3/11/2021 16:27,,,,,,Steph 4,,,,Td,yes,no,no,no,no,no,no,no,no,High cloud,137,16:28:00,yes,,9,3/18/2021 12:16,154,139,0,,530,530,5,90.26,38.25,0.248,,Enter red opposite order of field notes. Core 1 is now by tower 10 downhill,16:55:00,27 minutes,,,,,,,,,,,,,,,,,,,,,,,,,,,,,,,,,,,,,,,,,,,,,,,,,,,,,,,,,,,,,,,Separate form from wx data,
55783511,2021-03-18 12:18:38 -07:00,iPad_F38B7DE9-9E96-46F1-8A21-B55333832D55,CHRL-Warren Miller,Russell Creek,,3/11/2021 16:27,,,,,,Steph 4,,,,Td,yes,no,no,no,no,no,no,no,no,High cloud,137,16:28:00,yes,,10,3/18/2021 12:16,155,125,2,,570,570,5,80.65,41.137,0.269,,Enter red opposite order of field notes. Core 1 is now by tower 10 downhill,16:55:00,27 minutes,,,,,,,,,,,,,,,,,,,,,,,,,,,,,,,,,,,,,,,,,,,,,,,,,,,,,,,,,,,,,,,Separate form from wx data,
55783717,2021-03-18 12:25:26 -07:00,iPad_F38B7DE9-9E96-46F1-8A21-B55333832D55,CHRL-Warren Miller,Russell Creek,,3/11/2021 9:19,,,,,,Steph 3,,,,Td,yes,,,,,,,,,Sun high cloud,133,9:19:00,yes,,1,3/18/2021 12:19,130,106,0,,380,380,4,81.54,27.425,0.211,,Some suspect densities and recoveries in first half,9:41:00,22 minutes,,,,,,,,,,,,,,,,,,,,,,,,,,,,,,,,,,,,,,,,,,,,,,,,,,,,,,,,,,,,,,,,
55783717,2021-03-18 12:25:26 -07:00,iPad_F38B7DE9-9E96-46F1-8A21-B55333832D55,CHRL-Warren Miller,Russell Creek,,3/11/2021 9:19,,,,,,Steph 3,,,,Td,yes,,,,,,,,,Sun high cloud,133,9:19:00,yes,,2,3/18/2021 12:20,131,101,0,,410,410,4,77.1,29.59,0.226,,Some suspect densities and recoveries in first half,9:41:00,22 minutes,,,,,,,,,,,,,,,,,,,,,,,,,,,,,,,,,,,,,,,,,,,,,,,,,,,,,,,,,,,,,,,,
55783717,2021-03-18 12:25:26 -07:00,iPad_F38B7DE9-9E96-46F1-8A21-B55333832D55,CHRL-Warren Miller,Russell Creek,,3/11/2021 9:19,,,,,,Steph 3,,,,Td,yes,,,,,,,,,Sun high cloud,133,9:19:00,yes,,3,3/18/2021 12:21,134,111,0,,400,400,4,82.84,28.868,0.215,,Some suspect densities and recoveries in first half,9:41:00,22 minutes,,,,,,,,,,,,,,,,,,,,,,,,,,,,,,,,,,,,,,,,,,,,,,,,,,,,,,,,,,,,,,,,
55783717,2021-03-18 12:25:26 -07:00,iPad_F38B7DE9-9E96-46F1-8A21-B55333832D55,CHRL-Warren Miller,Russell Creek,,3/11/2021 9:19,,,,,,Steph 3,,,,Td,yes,,,,,,,,,Sun high cloud,133,9:19:00,yes,,4,3/18/2021 12:21,137,99,0,,320,320,2,72.26,23.094,0.169,,Some suspect densities and recoveries in first half,9:41:00,22 minutes,,,,,,,,,,,,,,,,,,,,,,,,,,,,,,,,,,,,,,,,,,,,,,,,,,,,,,,,,,,,,,,,
55783717,2021-03-18 12:25:26 -07:00,iPad_F38B7DE9-9E96-46F1-8A21-B55333832D55,CHRL-Warren Miller,Russell Creek,,3/11/2021 9:19,,,,,,Steph 3,,,,Td,yes,,,,,,,,,Sun high cloud,133,9:19:00,yes,,5,3/18/2021 12:22,136,130,0,,480,480,5,95.59,34.641,0.255,,Some suspect densities and recoveries in first half,9:41:00,22 minutes,,,,,,,,,,,,,,,,,,,,,,,,,,,,,,,,,,,,,,,,,,,,,,,,,,,,,,,,,,,,,,,,
55783717,2021-03-18 12:25:26 -07:00,iPad_F38B7DE9-9E96-46F1-8A21-B55333832D55,CHRL-Warren Miller,Russell Creek,,3/11/2021 9:19,,,,,,Steph 3,,,,Td,yes,,,,,,,,,Sun high cloud,133,9:19:00,yes,,6,3/18/2021 12:22,140,121,0,,470,470,5,86.43,33.92,0.242,,Some suspect densities and recoveries in first half,9:41:00,22 minutes,,,,,,,,,,,,,,,,,,,,,,,,,,,,,,,,,,,,,,,,,,,,,,,,,,,,,,,,,,,,,,,,
55783717,2021-03-18 12:25:26 -07:00,iPad_F38B7DE9-9E96-46F1-8A21-B55333832D55,CHRL-Warren Miller,Russell Creek,,3/11/2021 9:19,,,,,,Steph 3,,,,Td,yes,,,,,,,,,Sun high cloud,133,9:19:00,yes,,7,3/18/2021 12:23,144,131,0,,500,500,5,90.97,36.085,0.251,,Some suspect densities and recoveries in first half,9:41:00,22 minutes,,,,,,,,,,,,,,,,,,,,,,,,,,,,,,,,,,,,,,,,,,,,,,,,,,,,,,,,,,,,,,,,
55783717,2021-03-18 12:25:26 -07:00,iPad_F38B7DE9-9E96-46F1-8A21-B55333832D55,CHRL-Warren Miller,Russell Creek,,3/11/2021 9:19,,,,,,Steph 3,,,,Td,yes,,,,,,,,,Sun high cloud,133,9:19:00,yes,,8,3/18/2021 12:23,149,137,0,,520,520,5,91.95,37.528,0.252,,Some suspect densities and recoveries in first half,9:41:00,22 minutes,,,,,,,,,,,,,,,,,,,,,,,,,,,,,,,,,,,,,,,,,,,,,,,,,,,,,,,,,,,,,,,,
55783717,2021-03-18 12:25:26 -07:00,iPad_F38B7DE9-9E96-46F1-8A21-B55333832D55,CHRL-Warren Miller,Russell Creek,,3/11/2021 9:19,,,,,,Steph 3,,,,Td,yes,,,,,,,,,Sun high cloud,133,9:19:00,yes,,9,3/18/2021 12:23,146,138,0,,550,550,5,94.52,39.693,0.272,,Some suspect densities and recoveries in first half,9:41:00,22 minutes,,,,,,,,,,,,,,,,,,,,,,,,,,,,,,,,,,,,,,,,,,,,,,,,,,,,,,,,,,,,,,,,
55783717,2021-03-18 12:25:26 -07:00,iPad_F38B7DE9-9E96-46F1-8A21-B55333832D55,CHRL-Warren Miller,Russell Creek,,3/11/2021 9:19,,,,,,Steph 3,,,,Td,yes,,,,,,,,,Sun high cloud,133,9:19:00,yes,,10,3/18/2021 12:24,145,117,0,,420,420,3,80.69,30.311,0.209,,Some suspect densities and recoveries in first half,9:41:00,22 minutes,,,,,,,,,,,,,,,,,,,,,,,,,,,,,,,,,,,,,,,,,,,,,,,,,,,,,,,,,,,,,,,,
55786311,2021-03-18 14:11:43 -07:00,iPad_F38B7DE9-9E96-46F1-8A21-B55333832D55,CHRL-Warren Miller,High Elevation Wx,,3/12/2021 11:09,Vancouver Island,,,,Lower Cain,,,,,Td,yes,no,no,no,yes,no,no,yes,no,Cloud light rain,245,11:20:00,yes,,1,3/18/2021 14:07,206,196,3,,760,760,5,95.15,54.849,0.27,,,11:45:00,25 minutes,,,,,,,,,,,,,,,,,,,,,,,,,,45,148,20,5050,no,Still Slushy after adding booze. 148 from rim after adding,,,,,,,FTS,Usb,,,,,,,,,,,,,,,,,,,,,,,,,
55786311,2021-03-18 14:11:43 -07:00,iPad_F38B7DE9-9E96-46F1-8A21-B55333832D55,CHRL-Warren Miller,High Elevation Wx,,3/12/2021 11:09,Vancouver Island,,,,Lower Cain,,,,,Td,yes,no,no,no,yes,no,no,yes,no,Cloud light rain,245,11:20:00,yes,,2,3/18/2021 14:07,210,203,0,,770,770,5,96.67,55.571,0.265,,,11:45:00,25 minutes,,,,,,,,,,,,,,,,,,,,,,,,,,45,148,20,5050,no,Still Slushy after adding booze. 148 from rim after adding,,,,,,,FTS,Usb,,,,,,,,,,,,,,,,,,,,,,,,,
55786311,2021-03-18 14:11:43 -07:00,iPad_F38B7DE9-9E96-46F1-8A21-B55333832D55,CHRL-Warren Miller,High Elevation Wx,,3/12/2021 11:09,Vancouver Island,,,,Lower Cain,,,,,Td,yes,no,no,no,yes,no,no,yes,no,Cloud light rain,245,11:20:00,yes,,3,3/18/2021 14:07,229,210,0,,800,800,5,91.7,57.736,0.252,,,11:45:00,25 minutes,,,,,,,,,,,,,,,,,,,,,,,,,,45,148,20,5050,no,Still Slushy after adding booze. 148 from rim after adding,,,,,,,FTS,Usb,,,,,,,,,,,,,,,,,,,,,,,,,
55786311,2021-03-18 14:11:43 -07:00,iPad_F38B7DE9-9E96-46F1-8A21-B55333832D55,CHRL-Warren Miller,High Elevation Wx,,3/12/2021 11:09,Vancouver Island,,,,Lower Cain,,,,,Td,yes,no,no,no,yes,no,no,yes,no,Cloud light rain,245,11:20:00,yes,,4,3/18/2021 14:08,203,187,3,,700,700,5,92.12,50.519,0.253,,,11:45:00,25 minutes,,,,,,,,,,,,,,,,,,,,,,,,,,45,148,20,5050,no,Still Slushy after adding booze. 148 from rim after adding,,,,,,,FTS,Usb,,,,,,,,,,,,,,,,,,,,,,,,,
55786311,2021-03-18 14:11:43 -07:00,iPad_F38B7DE9-9E96-46F1-8A21-B55333832D55,CHRL-Warren Miller,High Elevation Wx,,3/12/2021 11:09,Vancouver Island,,,,Lower Cain,,,,,Td,yes,no,no,no,yes,no,no,yes,no,Cloud light rain,245,11:20:00,yes,,5,3/18/2021 14:08,232,205,0,,850,850,5,88.36,61.344,0.264,,,11:45:00,25 minutes,,,,,,,,,,,,,,,,,,,,,,,,,,45,148,20,5050,no,Still Slushy after adding booze. 148 from rim after adding,,,,,,,FTS,Usb,,,,,,,,,,,,,,,,,,,,,,,,,
55786311,2021-03-18 14:11:43 -07:00,iPad_F38B7DE9-9E96-46F1-8A21-B55333832D55,CHRL-Warren Miller,High Elevation Wx,,3/12/2021 11:09,Vancouver Island,,,,Lower Cain,,,,,Td,yes,no,no,no,yes,no,no,yes,no,Cloud light rain,245,11:20:00,yes,,6,3/18/2021 14:08,233,221,0,,810,810,5,94.85,58.458,0.251,,,11:45:00,25 minutes,,,,,,,,,,,,,,,,,,,,,,,,,,45,148,20,5050,no,Still Slushy after adding booze. 148 from rim after adding,,,,,,,FTS,Usb,,,,,,,,,,,,,,,,,,,,,,,,,
55786311,2021-03-18 14:11:43 -07:00,iPad_F38B7DE9-9E96-46F1-8A21-B55333832D55,CHRL-Warren Miller,High Elevation Wx,,3/12/2021 11:09,Vancouver Island,,,,Lower Cain,,,,,Td,yes,no,no,no,yes,no,no,yes,no,Cloud light rain,245,11:20:00,yes,,7,3/18/2021 14:09,239,199,0,,740,740,4,83.26,53.406,0.223,,,11:45:00,25 minutes,,,,,,,,,,,,,,,,,,,,,,,,,,45,148,20,5050,no,Still Slushy after adding booze. 148 from rim after adding,,,,,,,FTS,Usb,,,,,,,,,,,,,,,,,,,,,,,,,
55786311,2021-03-18 14:11:43 -07:00,iPad_F38B7DE9-9E96-46F1-8A21-B55333832D55,CHRL-Warren Miller,High Elevation Wx,,3/12/2021 11:09,Vancouver Island,,,,Lower Cain,,,,,Td,yes,no,no,no,yes,no,no,yes,no,Cloud light rain,245,11:20:00,yes,,8,3/18/2021 14:09,238,227,1,,840,840,5,95.38,60.623,0.256,,,11:45:00,25 minutes,,,,,,,,,,,,,,,,,,,,,,,,,,45,148,20,5050,no,Still Slushy after adding booze. 148 from rim after adding,,,,,,,FTS,Usb,,,,,,,,,,,,,,,,,,,,,,,,,
55786311,2021-03-18 14:11:43 -07:00,iPad_F38B7DE9-9E96-46F1-8A21-B55333832D55,CHRL-Warren Miller,High Elevation Wx,,3/12/2021 11:09,Vancouver Island,,,,Lower Cain,,,,,Td,yes,no,no,no,yes,no,no,yes,no,Cloud light rain,245,11:20:00,yes,,9,3/18/2021 14:10,234,218,0,,850,850,5,93.16,61.344,0.262,,,11:45:00,25 minutes,,,,,,,,,,,,,,,,,,,,,,,,,,45,148,20,5050,no,Still Slushy after adding booze. 148 from rim after adding,,,,,,,FTS,Usb,,,,,,,,,,,,,,,,,,,,,,,,,
55786311,2021-03-18 14:11:43 -07:00,iPad_F38B7DE9-9E96-46F1-8A21-B55333832D55,CHRL-Warren Miller,High Elevation Wx,,3/12/2021 11:09,Vancouver Island,,,,Lower Cain,,,,,Td,yes,no,no,no,yes,no,no,yes,no,Cloud light rain,245,11:20:00,yes,,10,3/18/2021 14:10,226,192,0,,760,760,4,84.96,54.849,0.243,,,11:45:00,25 minutes,,,,,,,,,,,,,,,,,,,,,,,,,,45,148,20,5050,no,Still Slushy after adding booze. 148 from rim after adding,,,,,,,FTS,Usb,,,,,,,,,,,,,,,,,,,,,,,,,
55786552,2021-03-18 14:24:43 -07:00,iPad_F38B7DE9-9E96-46F1-8A21-B55333832D55,CHRL-Warren Miller,High Elevation Wx,,3/12/2021 11:11,Vancouver Island,,,,Cain Ridge Runner,,,,,Td,yes,,,,,,,yes,,,292,12:30:00,yes,,1,3/18/2021 14:18,228,222,0,,860,860,5,97.37,62.066,0.272,,,13:10:00,40 minutes,,,,,,,,,,,,,,,,,,,,,,,,,,,,,,,,,,,,,,FTS,Usb,Needs lock,,,,,,,,,,,,,,,,,,,,,,,,
55786552,2021-03-18 14:24:43 -07:00,iPad_F38B7DE9-9E96-46F1-8A21-B55333832D55,CHRL-Warren Miller,High Elevation Wx,,3/12/2021 11:11,Vancouver Island,,,,Cain Ridge Runner,,,,,Td,yes,,,,,,,yes,,,292,12:30:00,yes,,2,3/18/2021 14:19,331,290,0,,1240,1240,5,87.61,89.49,0.27,,,13:10:00,40 minutes,,,,,,,,,,,,,,,,,,,,,,,,,,,,,,,,,,,,,,FTS,Usb,Needs lock,,,,,,,,,,,,,,,,,,,,,,,,
55786552,2021-03-18 14:24:43 -07:00,iPad_F38B7DE9-9E96-46F1-8A21-B55333832D55,CHRL-Warren Miller,High Elevation Wx,,3/12/2021 11:11,Vancouver Island,,,,Cain Ridge Runner,,,,,Td,yes,,,,,,,yes,,,292,12:30:00,yes,,3,3/18/2021 14:20,300,278,1,,1140,1140,5,92.67,82.274,0.275,,,13:10:00,40 minutes,,,,,,,,,,,,,,,,,,,,,,,,,,,,,,,,,,,,,,FTS,Usb,Needs lock,,,,,,,,,,,,,,,,,,,,,,,,
55786552,2021-03-18 14:24:43 -07:00,iPad_F38B7DE9-9E96-46F1-8A21-B55333832D55,CHRL-Warren Miller,High Elevation Wx,,3/12/2021 11:11,Vancouver Island,,,,Cain Ridge Runner,,,,,Td,yes,,,,,,,yes,,,292,12:30:00,yes,,4,3/18/2021 14:20,301,295,0,,1230,1230,5,98.01,88.769,0.295,,,13:10:00,40 minutes,,,,,,,,,,,,,,,,,,,,,,,,,,,,,,,,,,,,,,FTS,Usb,Needs lock,,,,,,,,,,,,,,,,,,,,,,,,
55786552,2021-03-18 14:24:43 -07:00,iPad_F38B7DE9-9E96-46F1-8A21-B55333832D55,CHRL-Warren Miller,High Elevation Wx,,3/12/2021 11:11,Vancouver Island,,,,Cain Ridge Runner,,,,,Td,yes,,,,,,,yes,,,292,12:30:00,yes,,5,3/18/2021 14:21,294,210,1,,1190,1190,3,71.43,85.882,0.293,,,13:10:00,40 minutes,,,,,,,,,,,,,,,,,,,,,,,,,,,,,,,,,,,,,,FTS,Usb,Needs lock,,,,,,,,,,,,,,,,,,,,,,,,
55786552,2021-03-18 14:24:43 -07:00,iPad_F38B7DE9-9E96-46F1-8A21-B55333832D55,CHRL-Warren Miller,High Elevation Wx,,3/12/2021 11:11,Vancouver Island,,,,Cain Ridge Runner,,,,,Td,yes,,,,,,,yes,,,292,12:30:00,yes,,6,3/18/2021 14:22,303,281,0,,1200,1200,5,92.74,86.604,0.286,,,13:10:00,40 minutes,,,,,,,,,,,,,,,,,,,,,,,,,,,,,,,,,,,,,,FTS,Usb,Needs lock,,,,,,,,,,,,,,,,,,,,,,,,
55786552,2021-03-18 14:24:43 -07:00,iPad_F38B7DE9-9E96-46F1-8A21-B55333832D55,CHRL-Warren Miller,High Elevation Wx,,3/12/2021 11:11,Vancouver Island,,,,Cain Ridge Runner,,,,,Td,yes,,,,,,,yes,,,292,12:30:00,yes,,7,3/18/2021 14:22,300,283,0,,1230,1230,5,94.33,88.769,0.296,,,13:10:00,40 minutes,,,,,,,,,,,,,,,,,,,,,,,,,,,,,,,,,,,,,,FTS,Usb,Needs lock,,,,,,,,,,,,,,,,,,,,,,,,
55786552,2021-03-18 14:24:43 -07:00,iPad_F38B7DE9-9E96-46F1-8A21-B55333832D55,CHRL-Warren Miller,High Elevation Wx,,3/12/2021 11:11,Vancouver Island,,,,Cain Ridge Runner,,,,,Td,yes,,,,,,,yes,,,292,12:30:00,yes,,8,3/18/2021 14:22,297,277,1,,1210,1210,5,93.27,87.325,0.295,,,13:10:00,40 minutes,,,,,,,,,,,,,,,,,,,,,,,,,,,,,,,,,,,,,,FTS,Usb,Needs lock,,,,,,,,,,,,,,,,,,,,,,,,
55786552,2021-03-18 14:24:43 -07:00,iPad_F38B7DE9-9E96-46F1-8A21-B55333832D55,CHRL-Warren Miller,High Elevation Wx,,3/12/2021 11:11,Vancouver Island,,,,Cain Ridge Runner,,,,,Td,yes,,,,,,,yes,,,292,12:30:00,yes,,9,3/18/2021 14:23,305,290,0,,1235,1235,5,95.08,89.13,0.292,,,13:10:00,40 minutes,,,,,,,,,,,,,,,,,,,,,,,,,,,,,,,,,,,,,,FTS,Usb,Needs lock,,,,,,,,,,,,,,,,,,,,,,,,
55786552,2021-03-18 14:24:43 -07:00,iPad_F38B7DE9-9E96-46F1-8A21-B55333832D55,CHRL-Warren Miller,High Elevation Wx,,3/12/2021 11:11,Vancouver Island,,,,Cain Ridge Runner,,,,,Td,yes,,,,,,,yes,,,292,12:30:00,yes,,10,3/18/2021 14:23,302,276,0,,1200,1200,5,91.39,86.604,0.287,,,13:10:00,40 minutes,,,,,,,,,,,,,,,,,,,,,,,,,,,,,,,,,,,,,,FTS,Usb,Needs lock,,,,,,,,,,,,,,,,,,,,,,,,
