submissionid,submissiondatetime,deviceid,username,User_s_,Survey_Start_Time,Study_Area,Other_Study_Area,GNSS_Setup,Other_GNSS_Setup,Pre_Survey_Notes,Sampling_Design,Plot_ID,GNSS_Used_,GNSS_Status,GNSS_Height_Rover_to_Snow__cm_,Point_Observation.Date___Time_of_Point_Observation,Point_Observation.Approx__Location,Point_Observation.Type_of_Plot,Point_Observation.Cardinal_Direction,Point_Observation.Distance_From_Centre__m_,Point_Observation.Custom_Distance_From_Centre__m_,Point_Observation.Sample_Type,Point_Observation.Tare_Weight__g_,Point_Observation.Multi_Part_Core_,Point_Observation.Core_Section_Number,Point_Observation.Depth__cm_,Point_Observation.Depth__cm_:timestamp,Point_Observation.Core_Length__cm_,Point_Observation.Plug__cm_,Point_Observation.Mass___Tube__g_,Point_Observation.Mass_Final__g_,Point_Observation.Retrieval____,Point_Observation.SWE__cm_,Point_Observation.Density,Point_Observation.Sample_Rating,Point_Observation.Point_Observation_Notes,Point_Observation.Picture,Snow_Pit_Measurenent.Distance_from_centre_of_plot__m_,Snow_Pit_Measurenent.Depth_above_ground__cm_,Snow_Pit_Measurenent.Temperature___C_,Snow_Pit_Measurenent.Density_Notes,Survey_End_TIme
56394374,2021-04-07 19:43:18 -07:00,iPad_186771EF-CF83-474C-B7BE-2AC725137EB9,CHRL - Travis Rice,Tk gf,4/7/2021 10:24,Russell Creek,,,,Cardinal below steph6. 600. Densities did not have the 8cm fresh snow. Probe depths need 8cm removed to match Lidar. Confident on this removal as 8cm fell on hard crust that was easy to differentiate,,600,no,,,4/7/2021 10:35,,Cardinal 10 m,Centre,,,Depth,,,,157,4/7/2021 10:35,,,,,,,,Excellent,,,,,,,4/7/2021 11:42
56394374,2021-04-07 19:43:18 -07:00,iPad_186771EF-CF83-474C-B7BE-2AC725137EB9,CHRL - Travis Rice,Tk gf,4/7/2021 10:24,Russell Creek,,,,Cardinal below steph6. 600. Densities did not have the 8cm fresh snow. Probe depths need 8cm removed to match Lidar. Confident on this removal as 8cm fell on hard crust that was easy to differentiate,,600,no,,,4/7/2021 10:35,,Cardinal 10 m,S,10,,Depth,,,,210,4/7/2021 10:46,,,,,,,,Good,Got stuck in snow up to my shoulders,https://drive.google.com/uc?id=11CzYg68DveXNnBCHbyBFkakIg-W0FH7F,,,,,4/7/2021 11:42
56394374,2021-04-07 19:43:18 -07:00,iPad_186771EF-CF83-474C-B7BE-2AC725137EB9,CHRL - Travis Rice,Tk gf,4/7/2021 10:24,Russell Creek,,,,Cardinal below steph6. 600. Densities did not have the 8cm fresh snow. Probe depths need 8cm removed to match Lidar. Confident on this removal as 8cm fell on hard crust that was easy to differentiate,,600,no,,,4/7/2021 11:30,,Cardinal 10 m,S,7.5,,Depth,,,,180,4/7/2021 10:49,,,,,,,,Excellent,,,,,,,4/7/2021 11:42
56394374,2021-04-07 19:43:18 -07:00,iPad_186771EF-CF83-474C-B7BE-2AC725137EB9,CHRL - Travis Rice,Tk gf,4/7/2021 10:24,Russell Creek,,,,Cardinal below steph6. 600. Densities did not have the 8cm fresh snow. Probe depths need 8cm removed to match Lidar. Confident on this removal as 8cm fell on hard crust that was easy to differentiate,,600,no,,,4/7/2021 10:49,,Cardinal 10 m,S,5,,Depth,,,,179,4/7/2021 10:51,,,,,,,,Excellent,,,,,,,4/7/2021 11:42
56394374,2021-04-07 19:43:18 -07:00,iPad_186771EF-CF83-474C-B7BE-2AC725137EB9,CHRL - Travis Rice,Tk gf,4/7/2021 10:24,Russell Creek,,,,Cardinal below steph6. 600. Densities did not have the 8cm fresh snow. Probe depths need 8cm removed to match Lidar. Confident on this removal as 8cm fell on hard crust that was easy to differentiate,,600,no,,,4/7/2021 10:51,,Cardinal 10 m,S,2.5,,Depth,,,,164,4/7/2021 10:52,,,,,,,,Excellent,,,,,,,4/7/2021 11:42
56394374,2021-04-07 19:43:18 -07:00,iPad_186771EF-CF83-474C-B7BE-2AC725137EB9,CHRL - Travis Rice,Tk gf,4/7/2021 10:24,Russell Creek,,,,Cardinal below steph6. 600. Densities did not have the 8cm fresh snow. Probe depths need 8cm removed to match Lidar. Confident on this removal as 8cm fell on hard crust that was easy to differentiate,,600,no,,,4/7/2021 10:58,,Cardinal 10 m,E,10,,Depth,,,,180,4/7/2021 10:58,,,,,,,,Excellent,,,,,,,4/7/2021 11:42
56394374,2021-04-07 19:43:18 -07:00,iPad_186771EF-CF83-474C-B7BE-2AC725137EB9,CHRL - Travis Rice,Tk gf,4/7/2021 10:24,Russell Creek,,,,Cardinal below steph6. 600. Densities did not have the 8cm fresh snow. Probe depths need 8cm removed to match Lidar. Confident on this removal as 8cm fell on hard crust that was easy to differentiate,,600,no,,,4/7/2021 10:58,,Cardinal 10 m,E,7.5,,Depth,,,,149,4/7/2021 11:00,,,,,,,,Good,,,,,,,4/7/2021 11:42
56394374,2021-04-07 19:43:18 -07:00,iPad_186771EF-CF83-474C-B7BE-2AC725137EB9,CHRL - Travis Rice,Tk gf,4/7/2021 10:24,Russell Creek,,,,Cardinal below steph6. 600. Densities did not have the 8cm fresh snow. Probe depths need 8cm removed to match Lidar. Confident on this removal as 8cm fell on hard crust that was easy to differentiate,,600,no,,,4/7/2021 11:00,,Cardinal 10 m,E,5,,Depth,,,,151,4/7/2021 11:03,,,,,,,,Excellent,,,,,,,4/7/2021 11:42
56394374,2021-04-07 19:43:18 -07:00,iPad_186771EF-CF83-474C-B7BE-2AC725137EB9,CHRL - Travis Rice,Tk gf,4/7/2021 10:24,Russell Creek,,,,Cardinal below steph6. 600. Densities did not have the 8cm fresh snow. Probe depths need 8cm removed to match Lidar. Confident on this removal as 8cm fell on hard crust that was easy to differentiate,,600,no,,,4/7/2021 11:04,,Cardinal 10 m,E,2.5,,Depth,,,,169,4/7/2021 11:04,,,,,,,,Excellent,,,,,,,4/7/2021 11:42
56394374,2021-04-07 19:43:18 -07:00,iPad_186771EF-CF83-474C-B7BE-2AC725137EB9,CHRL - Travis Rice,Tk gf,4/7/2021 10:24,Russell Creek,,,,Cardinal below steph6. 600. Densities did not have the 8cm fresh snow. Probe depths need 8cm removed to match Lidar. Confident on this removal as 8cm fell on hard crust that was easy to differentiate,,600,no,,,4/7/2021 11:08,,Cardinal 10 m,Centre,,,Density,3840,no,,154,4/7/2021 11:08,94,0.1,4360,520,61.03896104,37.528,0.244,Excellent,,,,,,,4/7/2021 11:42
56394374,2021-04-07 19:43:18 -07:00,iPad_186771EF-CF83-474C-B7BE-2AC725137EB9,CHRL - Travis Rice,Tk gf,4/7/2021 10:24,Russell Creek,,,,Cardinal below steph6. 600. Densities did not have the 8cm fresh snow. Probe depths need 8cm removed to match Lidar. Confident on this removal as 8cm fell on hard crust that was easy to differentiate,,600,no,,,4/7/2021 11:10,,Cardinal 10 m,W,10,,Depth,,,,169,4/7/2021 11:11,,,,,,,,Excellent,,,,,,,4/7/2021 11:42
56394374,2021-04-07 19:43:18 -07:00,iPad_186771EF-CF83-474C-B7BE-2AC725137EB9,CHRL - Travis Rice,Tk gf,4/7/2021 10:24,Russell Creek,,,,Cardinal below steph6. 600. Densities did not have the 8cm fresh snow. Probe depths need 8cm removed to match Lidar. Confident on this removal as 8cm fell on hard crust that was easy to differentiate,,600,no,,,4/7/2021 11:11,,Cardinal 10 m,W,7.5,,Depth,,,,159,4/7/2021 11:12,,,,,,,,Excellent,,,,,,,4/7/2021 11:42
56394374,2021-04-07 19:43:18 -07:00,iPad_186771EF-CF83-474C-B7BE-2AC725137EB9,CHRL - Travis Rice,Tk gf,4/7/2021 10:24,Russell Creek,,,,Cardinal below steph6. 600. Densities did not have the 8cm fresh snow. Probe depths need 8cm removed to match Lidar. Confident on this removal as 8cm fell on hard crust that was easy to differentiate,,600,no,,,4/7/2021 11:12,,Cardinal 10 m,S,10,,Density,3840,no,,171,4/7/2021 11:13,110,1,4320,480,64.32748538,34.641,0.204,Excellent,,,,,,,4/7/2021 11:42
56394374,2021-04-07 19:43:18 -07:00,iPad_186771EF-CF83-474C-B7BE-2AC725137EB9,CHRL - Travis Rice,Tk gf,4/7/2021 10:24,Russell Creek,,,,Cardinal below steph6. 600. Densities did not have the 8cm fresh snow. Probe depths need 8cm removed to match Lidar. Confident on this removal as 8cm fell on hard crust that was easy to differentiate,,600,no,,,4/7/2021 11:15,,Cardinal 10 m,W,5,,Depth,,,,181,4/7/2021 11:15,,,,,,,,Excellent,,,,,,,4/7/2021 11:42
56394374,2021-04-07 19:43:18 -07:00,iPad_186771EF-CF83-474C-B7BE-2AC725137EB9,CHRL - Travis Rice,Tk gf,4/7/2021 10:24,Russell Creek,,,,Cardinal below steph6. 600. Densities did not have the 8cm fresh snow. Probe depths need 8cm removed to match Lidar. Confident on this removal as 8cm fell on hard crust that was easy to differentiate,,600,no,,,4/7/2021 11:16,,Cardinal 10 m,W,10,,Density,3840,no,,154,4/7/2021 11:17,111,1,4270,430,72.07792208,31.033,0.203,Good,,,,,,,4/7/2021 11:42
56394374,2021-04-07 19:43:18 -07:00,iPad_186771EF-CF83-474C-B7BE-2AC725137EB9,CHRL - Travis Rice,Tk gf,4/7/2021 10:24,Russell Creek,,,,Cardinal below steph6. 600. Densities did not have the 8cm fresh snow. Probe depths need 8cm removed to match Lidar. Confident on this removal as 8cm fell on hard crust that was easy to differentiate,,600,no,,,4/7/2021 11:21,,Cardinal 10 m,W,2.5,,Depth,,,,238,4/7/2021 11:21,,,,,,,,Excellent,,,,,,,4/7/2021 11:42
56394374,2021-04-07 19:43:18 -07:00,iPad_186771EF-CF83-474C-B7BE-2AC725137EB9,CHRL - Travis Rice,Tk gf,4/7/2021 10:24,Russell Creek,,,,Cardinal below steph6. 600. Densities did not have the 8cm fresh snow. Probe depths need 8cm removed to match Lidar. Confident on this removal as 8cm fell on hard crust that was easy to differentiate,,600,no,,,4/7/2021 11:23,,Cardinal 10 m,E,10,,Density,3840,no,,168,4/7/2021 11:23,130,0.1,4470,630,77.38095238,45.467,0.271,Excellent,,,,,,,4/7/2021 11:42
56394374,2021-04-07 19:43:18 -07:00,iPad_186771EF-CF83-474C-B7BE-2AC725137EB9,CHRL - Travis Rice,Tk gf,4/7/2021 10:24,Russell Creek,,,,Cardinal below steph6. 600. Densities did not have the 8cm fresh snow. Probe depths need 8cm removed to match Lidar. Confident on this removal as 8cm fell on hard crust that was easy to differentiate,,600,no,,,4/7/2021 11:25,,Cardinal 10 m,N,2.5,,Depth,,,,201,4/7/2021 11:26,,,,,,,,Excellent,,,,,,,4/7/2021 11:42
56394374,2021-04-07 19:43:18 -07:00,iPad_186771EF-CF83-474C-B7BE-2AC725137EB9,CHRL - Travis Rice,Tk gf,4/7/2021 10:24,Russell Creek,,,,Cardinal below steph6. 600. Densities did not have the 8cm fresh snow. Probe depths need 8cm removed to match Lidar. Confident on this removal as 8cm fell on hard crust that was easy to differentiate,,600,no,,,4/7/2021 11:28,,Cardinal 10 m,N,5,,Depth,,,,168,4/7/2021 11:28,,,,,,,,Excellent,,,,,,,4/7/2021 11:42
56394374,2021-04-07 19:43:18 -07:00,iPad_186771EF-CF83-474C-B7BE-2AC725137EB9,CHRL - Travis Rice,Tk gf,4/7/2021 10:24,Russell Creek,,,,Cardinal below steph6. 600. Densities did not have the 8cm fresh snow. Probe depths need 8cm removed to match Lidar. Confident on this removal as 8cm fell on hard crust that was easy to differentiate,,600,no,,,4/7/2021 11:29,,Cardinal 10 m,N,10,,Density,3840,no,,88,4/7/2021 11:34,59,4,4040,200,67.04545455,14.434,0.172,Fair,Heavy tree cover,https://drive.google.com/uc?id=1smA2HzQMleqHoZ7kWGSAeB9cs01z9Af9,,,,,4/7/2021 11:42
56394374,2021-04-07 19:43:18 -07:00,iPad_186771EF-CF83-474C-B7BE-2AC725137EB9,CHRL - Travis Rice,Tk gf,4/7/2021 10:24,Russell Creek,,,,Cardinal below steph6. 600. Densities did not have the 8cm fresh snow. Probe depths need 8cm removed to match Lidar. Confident on this removal as 8cm fell on hard crust that was easy to differentiate,,600,no,,,4/7/2021 11:37,,Cardinal 10 m,N,10,,Density,3840,no,,93,4/7/2021 11:38,60,5,4190,350,64.51612903,25.259,0.287,Good,"Try again, tricky spot to sample, highly variable

Both samples good
",,,,,,4/7/2021 11:42
56394374,2021-04-07 19:43:18 -07:00,iPad_186771EF-CF83-474C-B7BE-2AC725137EB9,CHRL - Travis Rice,Tk gf,4/7/2021 10:24,Russell Creek,,,,Cardinal below steph6. 600. Densities did not have the 8cm fresh snow. Probe depths need 8cm removed to match Lidar. Confident on this removal as 8cm fell on hard crust that was easy to differentiate,,600,no,,,4/7/2021 11:42,,Cardinal 10 m,N,7.5,,Depth,,,,45,4/7/2021 11:42,,,,,,,,Good,Heavy canopy,,,,,,4/7/2021 11:42
56435454,2021-04-08 20:09:49 -07:00,iPad_186771EF-CF83-474C-B7BE-2AC725137EB9,CHRL - Travis Rice,Gftk,4/8/2021 11:39,Russell Creek,,,,We are removing snowfall from last few days in our measurements. In notes is amount above crust. The current day depth is the amount on crust plus the depthObvious crust layer. High confidence.,,2101,no,,,4/8/2021 11:40,,Cardinal 10 m,E,2.5,,Depth,,,,318,4/8/2021 11:42,,,,,,,,Excellent,18cm snow on crust,,,,,,4/8/2021 12:41
56435454,2021-04-08 20:09:49 -07:00,iPad_186771EF-CF83-474C-B7BE-2AC725137EB9,CHRL - Travis Rice,Gftk,4/8/2021 11:39,Russell Creek,,,,We are removing snowfall from last few days in our measurements. In notes is amount above crust. The current day depth is the amount on crust plus the depthObvious crust layer. High confidence.,,2101,no,,,4/8/2021 11:42,,Cardinal 10 m,E,5,,Depth,,,,280,4/8/2021 11:43,,,,,,,,Excellent,20cm on crust,https://drive.google.com/uc?id=18wNPmcMFZFBjYwMD5ex5WlNbuF2UXpeD,,,,,4/8/2021 12:41
56435454,2021-04-08 20:09:49 -07:00,iPad_186771EF-CF83-474C-B7BE-2AC725137EB9,CHRL - Travis Rice,Gftk,4/8/2021 11:39,Russell Creek,,,,We are removing snowfall from last few days in our measurements. In notes is amount above crust. The current day depth is the amount on crust plus the depthObvious crust layer. High confidence.,,2101,no,,,4/8/2021 11:45,,Cardinal 10 m,E,7.5,,Depth,,,,280,4/8/2021 11:46,,,,,,,,,16cm on crust,,,,,,4/8/2021 12:41
56435454,2021-04-08 20:09:49 -07:00,iPad_186771EF-CF83-474C-B7BE-2AC725137EB9,CHRL - Travis Rice,Gftk,4/8/2021 11:39,Russell Creek,,,,We are removing snowfall from last few days in our measurements. In notes is amount above crust. The current day depth is the amount on crust plus the depthObvious crust layer. High confidence.,,2101,no,,,4/8/2021 11:51,,Cardinal 10 m,Centre,,,Density,3320,no,,345,4/8/2021 11:52,269,11,4530,1210,77.97101449,87.325,0.261,Good,20cm removed on crust,https://drive.google.com/uc?id=1hYlqjMfG4eLv-dej1VFWJLAeMx3NKD1j,,,,,4/8/2021 12:41
56435454,2021-04-08 20:09:49 -07:00,iPad_186771EF-CF83-474C-B7BE-2AC725137EB9,CHRL - Travis Rice,Gftk,4/8/2021 11:39,Russell Creek,,,,We are removing snowfall from last few days in our measurements. In notes is amount above crust. The current day depth is the amount on crust plus the depthObvious crust layer. High confidence.,,2101,no,,,,,Cardinal 10 m,S,7.5,,Depth,,,,269,4/8/2021 11:59,,,,,,,,Good,22cm on crust,,,,,,4/8/2021 12:41
56435454,2021-04-08 20:09:49 -07:00,iPad_186771EF-CF83-474C-B7BE-2AC725137EB9,CHRL - Travis Rice,Gftk,4/8/2021 11:39,Russell Creek,,,,We are removing snowfall from last few days in our measurements. In notes is amount above crust. The current day depth is the amount on crust plus the depthObvious crust layer. High confidence.,,2101,no,,,4/8/2021 11:59,,Cardinal 10 m,S,5,,Depth,,,,263,4/8/2021 12:00,,,,,,,,Good,17cm on crust,,,,,,4/8/2021 12:41
56435454,2021-04-08 20:09:49 -07:00,iPad_186771EF-CF83-474C-B7BE-2AC725137EB9,CHRL - Travis Rice,Gftk,4/8/2021 11:39,Russell Creek,,,,We are removing snowfall from last few days in our measurements. In notes is amount above crust. The current day depth is the amount on crust plus the depthObvious crust layer. High confidence.,,2101,no,,,4/8/2021 12:00,,Cardinal 10 m,S,2.5,,Depth,,,,272,4/8/2021 12:02,,,,,,,,Excellent,16cm on crust,,,,,,4/8/2021 12:41
56435454,2021-04-08 20:09:49 -07:00,iPad_186771EF-CF83-474C-B7BE-2AC725137EB9,CHRL - Travis Rice,Gftk,4/8/2021 11:39,Russell Creek,,,,We are removing snowfall from last few days in our measurements. In notes is amount above crust. The current day depth is the amount on crust plus the depthObvious crust layer. High confidence.,,2101,no,,,4/8/2021 12:03,,Cardinal 10 m,W,7.5,,Depth,,,,135,4/8/2021 12:05,,,,,,,,,"Tree well, 2cm on crust",,,,,,4/8/2021 12:41
56435454,2021-04-08 20:09:49 -07:00,iPad_186771EF-CF83-474C-B7BE-2AC725137EB9,CHRL - Travis Rice,Gftk,4/8/2021 11:39,Russell Creek,,,,We are removing snowfall from last few days in our measurements. In notes is amount above crust. The current day depth is the amount on crust plus the depthObvious crust layer. High confidence.,,2101,no,,,4/8/2021 12:05,,Cardinal 10 m,W,5,,Depth,,,,231,4/8/2021 12:06,,,,,,,,,17cm on crust,,,,,,4/8/2021 12:41
56435454,2021-04-08 20:09:49 -07:00,iPad_186771EF-CF83-474C-B7BE-2AC725137EB9,CHRL - Travis Rice,Gftk,4/8/2021 11:39,Russell Creek,,,,We are removing snowfall from last few days in our measurements. In notes is amount above crust. The current day depth is the amount on crust plus the depthObvious crust layer. High confidence.,,2101,no,,,4/8/2021 12:06,,Cardinal 10 m,W,2.5,,Depth,,,,285,4/8/2021 12:08,,,,,,,,,19cm on crust,,,,,,4/8/2021 12:41
56435454,2021-04-08 20:09:49 -07:00,iPad_186771EF-CF83-474C-B7BE-2AC725137EB9,CHRL - Travis Rice,Gftk,4/8/2021 11:39,Russell Creek,,,,We are removing snowfall from last few days in our measurements. In notes is amount above crust. The current day depth is the amount on crust plus the depthObvious crust layer. High confidence.,,2101,no,,,4/8/2021 12:15,,Cardinal 10 m,E,10,,Depth,,,,271,4/8/2021 12:15,,,,,,,,Good,11cm on crust,,,,,,4/8/2021 12:41
56435454,2021-04-08 20:09:49 -07:00,iPad_186771EF-CF83-474C-B7BE-2AC725137EB9,CHRL - Travis Rice,Gftk,4/8/2021 11:39,Russell Creek,,,,We are removing snowfall from last few days in our measurements. In notes is amount above crust. The current day depth is the amount on crust plus the depthObvious crust layer. High confidence.,,2101,no,,,4/8/2021 12:29,,Cardinal 10 m,N,2.5,,Depth,,,,330,4/8/2021 12:30,,,,,,,,Good,24cm on crust,,,,,,4/8/2021 12:41
56435454,2021-04-08 20:09:49 -07:00,iPad_186771EF-CF83-474C-B7BE-2AC725137EB9,CHRL - Travis Rice,Gftk,4/8/2021 11:39,Russell Creek,,,,We are removing snowfall from last few days in our measurements. In notes is amount above crust. The current day depth is the amount on crust plus the depthObvious crust layer. High confidence.,,2101,no,,,4/8/2021 12:30,,Cardinal 10 m,N,5,,Depth,,,,291,4/8/2021 12:31,,,,,,,,Excellent,18cm on crust,,,,,,4/8/2021 12:41
56435454,2021-04-08 20:09:49 -07:00,iPad_186771EF-CF83-474C-B7BE-2AC725137EB9,CHRL - Travis Rice,Gftk,4/8/2021 11:39,Russell Creek,,,,We are removing snowfall from last few days in our measurements. In notes is amount above crust. The current day depth is the amount on crust plus the depthObvious crust layer. High confidence.,,2101,no,,,4/8/2021 12:31,,Cardinal 10 m,N,7.5,,Depth,,,,304,4/8/2021 12:33,,,,,,,,Good,18cm on crust,,,,,,4/8/2021 12:41
56435454,2021-04-08 20:09:49 -07:00,iPad_186771EF-CF83-474C-B7BE-2AC725137EB9,CHRL - Travis Rice,Gftk,4/8/2021 11:39,Russell Creek,,,,We are removing snowfall from last few days in our measurements. In notes is amount above crust. The current day depth is the amount on crust plus the depthObvious crust layer. High confidence.,,2101,no,,,4/8/2021 12:34,,Cardinal 10 m,N,10,,Depth,,,,323,4/8/2021 12:35,,,,,,,,Good,20cm on crust,,,,,,4/8/2021 12:41
56435454,2021-04-08 20:09:49 -07:00,iPad_186771EF-CF83-474C-B7BE-2AC725137EB9,CHRL - Travis Rice,Gftk,4/8/2021 11:39,Russell Creek,,,,We are removing snowfall from last few days in our measurements. In notes is amount above crust. The current day depth is the amount on crust plus the depthObvious crust layer. High confidence.,,2101,no,,,4/8/2021 12:35,,Cardinal 10 m,W,10,,Depth,,,,215,4/8/2021 12:38,,,,,,,,Excellent,In tree well of 1mdiameter cedar. 2cm on crust,,,,,,4/8/2021 12:41
56435454,2021-04-08 20:09:49 -07:00,iPad_186771EF-CF83-474C-B7BE-2AC725137EB9,CHRL - Travis Rice,Gftk,4/8/2021 11:39,Russell Creek,,,,We are removing snowfall from last few days in our measurements. In notes is amount above crust. The current day depth is the amount on crust plus the depthObvious crust layer. High confidence.,,2101,no,,,4/8/2021 13:05,,Cardinal 10 m,S,10,,Depth,,,,303,4/8/2021 13:05,,,,,,,,Good,21cm on crust,,,,,,4/8/2021 12:41
56435459,2021-04-08 20:10:01 -07:00,iPad_186771EF-CF83-474C-B7BE-2AC725137EB9,CHRL - Travis Rice,Gftk,4/8/2021 13:35,Russell Creek,,,,Not measuring snowfall since lidar flew. Noting amount above crust. All measurements are reflective of snowpack as of Monday April 5,,2106,no,,,4/8/2021 13:37,,Cardinal 10 m,W,10,,Depth,,,,210,4/8/2021 13:38,,,,,,,,Excellent,Hard rock or stump. 7cm on crust,,,,,,4/8/2021 14:13
56435459,2021-04-08 20:10:01 -07:00,iPad_186771EF-CF83-474C-B7BE-2AC725137EB9,CHRL - Travis Rice,Gftk,4/8/2021 13:35,Russell Creek,,,,Not measuring snowfall since lidar flew. Noting amount above crust. All measurements are reflective of snowpack as of Monday April 5,,2106,no,,,4/8/2021 13:38,,Cardinal 10 m,W,7.5,,Depth,,,,217,4/8/2021 13:39,,,,,,,,Excellent,9cm on crust,,,,,,4/8/2021 14:13
56435459,2021-04-08 20:10:01 -07:00,iPad_186771EF-CF83-474C-B7BE-2AC725137EB9,CHRL - Travis Rice,Gftk,4/8/2021 13:35,Russell Creek,,,,Not measuring snowfall since lidar flew. Noting amount above crust. All measurements are reflective of snowpack as of Monday April 5,,2106,no,,,4/8/2021 13:39,,Cardinal 10 m,W,5,,Depth,,,,243,4/8/2021 13:40,,,,,,,,Excellent,10cm on crust,,,,,,4/8/2021 14:13
56435459,2021-04-08 20:10:01 -07:00,iPad_186771EF-CF83-474C-B7BE-2AC725137EB9,CHRL - Travis Rice,Gftk,4/8/2021 13:35,Russell Creek,,,,Not measuring snowfall since lidar flew. Noting amount above crust. All measurements are reflective of snowpack as of Monday April 5,,2106,no,,,4/8/2021 13:40,,Cardinal 10 m,W,2.5,,Depth,,,,239,4/8/2021 13:41,,,,,,,,Excellent,9cm on crust,,,,,,4/8/2021 14:13
56435459,2021-04-08 20:10:01 -07:00,iPad_186771EF-CF83-474C-B7BE-2AC725137EB9,CHRL - Travis Rice,Gftk,4/8/2021 13:35,Russell Creek,,,,Not measuring snowfall since lidar flew. Noting amount above crust. All measurements are reflective of snowpack as of Monday April 5,,2106,no,,,4/8/2021 13:41,,Cardinal 10 m,S,10,,Depth,,,,233,4/8/2021 13:45,,,,,,,,Excellent,10cm on crust,,,,,,4/8/2021 14:13
56435459,2021-04-08 20:10:01 -07:00,iPad_186771EF-CF83-474C-B7BE-2AC725137EB9,CHRL - Travis Rice,Gftk,4/8/2021 13:35,Russell Creek,,,,Not measuring snowfall since lidar flew. Noting amount above crust. All measurements are reflective of snowpack as of Monday April 5,,2106,no,,,4/8/2021 13:46,,Cardinal 10 m,S,7.5,,Depth,,,,265,4/8/2021 13:46,,,,,,,,Excellent,6cm on crust,,,,,,4/8/2021 14:13
56435459,2021-04-08 20:10:01 -07:00,iPad_186771EF-CF83-474C-B7BE-2AC725137EB9,CHRL - Travis Rice,Gftk,4/8/2021 13:35,Russell Creek,,,,Not measuring snowfall since lidar flew. Noting amount above crust. All measurements are reflective of snowpack as of Monday April 5,,2106,no,,,4/8/2021 13:46,,Cardinal 10 m,S,5,,Depth,,,,208,4/8/2021 13:47,,,,,,,,Excellent,7cm on crust,,,,,,4/8/2021 14:13
56435459,2021-04-08 20:10:01 -07:00,iPad_186771EF-CF83-474C-B7BE-2AC725137EB9,CHRL - Travis Rice,Gftk,4/8/2021 13:35,Russell Creek,,,,Not measuring snowfall since lidar flew. Noting amount above crust. All measurements are reflective of snowpack as of Monday April 5,,2106,no,,,4/8/2021 13:47,,Cardinal 10 m,S,2.5,,Depth,,,,230,4/8/2021 13:52,,,,,,,,Excellent,10cm on crust,https://drive.google.com/uc?id=1iqNKl8V7JjDyQQ9K4aykhu6tXqZ60ixe,,,,,4/8/2021 14:13
56435459,2021-04-08 20:10:01 -07:00,iPad_186771EF-CF83-474C-B7BE-2AC725137EB9,CHRL - Travis Rice,Gftk,4/8/2021 13:35,Russell Creek,,,,Not measuring snowfall since lidar flew. Noting amount above crust. All measurements are reflective of snowpack as of Monday April 5,,2106,no,,,4/8/2021 14:08,,Cardinal 10 m,Centre,,,Density,2780,no,,245,4/8/2021 13:48,35,1,2980,200,14.28571429,14.434,0.059,Bad,Cores very challenging today. Compressing and freezing. Did not bring extra cutter. MoE alu tubes to 305m with handle,https://drive.google.com/uc?id=1Fs4CZNwAwj0XjjlurQMQ_jD4V6QEdHwA,,,,,4/8/2021 14:13
56435459,2021-04-08 20:10:01 -07:00,iPad_186771EF-CF83-474C-B7BE-2AC725137EB9,CHRL - Travis Rice,Gftk,4/8/2021 13:35,Russell Creek,,,,Not measuring snowfall since lidar flew. Noting amount above crust. All measurements are reflective of snowpack as of Monday April 5,,2106,no,,,4/8/2021 14:00,,Cardinal 10 m,Centre,,,Density,,yes,1a,204,4/8/2021 14:01,49,,3110,,24.01960784,,,Bad,,,,,,,4/8/2021 14:13
56435459,2021-04-08 20:10:01 -07:00,iPad_186771EF-CF83-474C-B7BE-2AC725137EB9,CHRL - Travis Rice,Gftk,4/8/2021 13:35,Russell Creek,,,,Not measuring snowfall since lidar flew. Noting amount above crust. All measurements are reflective of snowpack as of Monday April 5,,2106,no,,,4/8/2021 13:53,,Cardinal 10 m,N,10,,Depth,,,,239,4/8/2021 13:55,,,,,,,,Excellent,9cm on crust,,,,,,4/8/2021 14:13
56435459,2021-04-08 20:10:01 -07:00,iPad_186771EF-CF83-474C-B7BE-2AC725137EB9,CHRL - Travis Rice,Gftk,4/8/2021 13:35,Russell Creek,,,,Not measuring snowfall since lidar flew. Noting amount above crust. All measurements are reflective of snowpack as of Monday April 5,,2106,no,,,4/8/2021 13:55,,Cardinal 10 m,N,7.5,,Depth,,,,221,4/8/2021 13:56,,,,,,,,Excellent,9cm on crust,,,,,,4/8/2021 14:13
56435459,2021-04-08 20:10:01 -07:00,iPad_186771EF-CF83-474C-B7BE-2AC725137EB9,CHRL - Travis Rice,Gftk,4/8/2021 13:35,Russell Creek,,,,Not measuring snowfall since lidar flew. Noting amount above crust. All measurements are reflective of snowpack as of Monday April 5,,2106,no,,,4/8/2021 13:56,,Cardinal 10 m,N,5,,Depth,,,,240,4/8/2021 13:57,,,,,,,,Good,8cm crust,,,,,,4/8/2021 14:13
56435459,2021-04-08 20:10:01 -07:00,iPad_186771EF-CF83-474C-B7BE-2AC725137EB9,CHRL - Travis Rice,Gftk,4/8/2021 13:35,Russell Creek,,,,Not measuring snowfall since lidar flew. Noting amount above crust. All measurements are reflective of snowpack as of Monday April 5,,2106,no,,,4/8/2021 13:57,,Cardinal 10 m,N,2.5,,Depth,,,,230,4/8/2021 13:58,,,,,,,,Good,9cm crust,,,,,,4/8/2021 14:13
56435459,2021-04-08 20:10:01 -07:00,iPad_186771EF-CF83-474C-B7BE-2AC725137EB9,CHRL - Travis Rice,Gftk,4/8/2021 13:35,Russell Creek,,,,Not measuring snowfall since lidar flew. Noting amount above crust. All measurements are reflective of snowpack as of Monday April 5,,2106,no,,,4/8/2021 14:07,,Cardinal 10 m,E,10,,Depth,,,,238,4/8/2021 14:07,,,,,,,,Excellent,9cm on crust,https://drive.google.com/uc?id=1WxuFYmmk05yjGmrb6fbnZy5z0WaNSnFk,,,,,4/8/2021 14:13
56435459,2021-04-08 20:10:01 -07:00,iPad_186771EF-CF83-474C-B7BE-2AC725137EB9,CHRL - Travis Rice,Gftk,4/8/2021 13:35,Russell Creek,,,,Not measuring snowfall since lidar flew. Noting amount above crust. All measurements are reflective of snowpack as of Monday April 5,,2106,no,,,4/8/2021 14:09,,Cardinal 10 m,E,7.5,,Depth,,,,244,4/8/2021 14:10,,,,,,,,Good,8cm on crust,,,,,,4/8/2021 14:13
56435459,2021-04-08 20:10:01 -07:00,iPad_186771EF-CF83-474C-B7BE-2AC725137EB9,CHRL - Travis Rice,Gftk,4/8/2021 13:35,Russell Creek,,,,Not measuring snowfall since lidar flew. Noting amount above crust. All measurements are reflective of snowpack as of Monday April 5,,2106,no,,,4/8/2021 14:10,,Cardinal 10 m,E,5,,Depth,,,,206,4/8/2021 14:11,,,,,,,,Good,10cm crust,,,,,,4/8/2021 14:13
56435459,2021-04-08 20:10:01 -07:00,iPad_186771EF-CF83-474C-B7BE-2AC725137EB9,CHRL - Travis Rice,Gftk,4/8/2021 13:35,Russell Creek,,,,Not measuring snowfall since lidar flew. Noting amount above crust. All measurements are reflective of snowpack as of Monday April 5,,2106,no,,,4/8/2021 14:11,,Cardinal 10 m,E,2.5,,Depth,,,,224,4/8/2021 14:12,,,,,,,,Good,11cm crust,,,,,,4/8/2021 14:13
56531312,2021-04-07 14:49:44 -07:00,iPhone_AA22152B-0BD9-448E-8C5B-212F588697FA,CHRL - Alex Cebulski,Ac,4/7/2021 14:46,Cruickshank,,,,Revisit cam all good. Pic on Alex phone,,CRU_CAM3,no,,,,,Camera + Snow Stakes,,,,Depth,,,,245,4/7/2021 14:46,,,,,,,,,1,,,,,,
56531312,2021-04-07 14:49:44 -07:00,iPhone_AA22152B-0BD9-448E-8C5B-212F588697FA,CHRL - Alex Cebulski,Ac,4/7/2021 14:46,Cruickshank,,,,Revisit cam all good. Pic on Alex phone,,CRU_CAM3,no,,,,,Camera + Snow Stakes,,,,Depth,,,,245,4/7/2021 14:47,,,,,,,,,2,,,,,,
56531312,2021-04-07 14:49:44 -07:00,iPhone_AA22152B-0BD9-448E-8C5B-212F588697FA,CHRL - Alex Cebulski,Ac,4/7/2021 14:46,Cruickshank,,,,Revisit cam all good. Pic on Alex phone,,CRU_CAM3,no,,,,,Camera + Snow Stakes,,,,Depth,,,,243,4/7/2021 14:48,,,,,,,,,3,,,,,,
56531312,2021-04-07 14:49:44 -07:00,iPhone_AA22152B-0BD9-448E-8C5B-212F588697FA,CHRL - Alex Cebulski,Ac,4/7/2021 14:46,Cruickshank,,,,Revisit cam all good. Pic on Alex phone,,CRU_CAM3,no,,,,,Camera + Snow Stakes,,,,Depth,,,,241,4/7/2021 14:48,,,,,,,,,4,,,,,,
56531312,2021-04-07 14:49:44 -07:00,iPhone_AA22152B-0BD9-448E-8C5B-212F588697FA,CHRL - Alex Cebulski,Ac,4/7/2021 14:46,Cruickshank,,,,Revisit cam all good. Pic on Alex phone,,CRU_CAM3,no,,,,,Camera + Snow Stakes,,,,Depth,,,,255,4/7/2021 14:49,,,,,,,,,5,,,,,,
56534202,2021-04-12 09:36:14 -07:00,iPad_F767753E-D795-463F-B7F4-AD4F9F50A080,CHRL-Shane McConkey,Ac rw eh,4/9/2021 13:31,Cruickshank,,Septentrio,,Flagger on dead chico. 2nd flag on branch to east dont use branch tree. 10 cm fresh fallen so far today,,CRU_S4F,yes,FLOAT,180,,,Cardinal 10 m,Centre,,,Density,3490,no,,324,4/9/2021 13:41,190,0,4540,1050,58.64197531,75.778,0.234,Excellent,10 cm from centre tree.  Tree is dead no branches,https://drive.google.com/uc?id=1J4HKhTcxLX56u5F2CBpowrAtH8GCRHvO,,,,,
56534202,2021-04-12 09:36:14 -07:00,iPad_F767753E-D795-463F-B7F4-AD4F9F50A080,CHRL-Shane McConkey,Ac rw eh,4/9/2021 13:31,Cruickshank,,Septentrio,,Flagger on dead chico. 2nd flag on branch to east dont use branch tree. 10 cm fresh fallen so far today,,CRU_S4F,yes,FLOAT,180,,,Cardinal 10 m,S,10,,Density,3490,no,,345,4/9/2021 13:53,303,2,5050,1560,87.82608696,112.585,0.328,,,https://drive.google.com/uc?id=1sUbNR2DnmnrP-OOsVg2W4TORXp6bfACA,,,,,
56534202,2021-04-12 09:36:14 -07:00,iPad_F767753E-D795-463F-B7F4-AD4F9F50A080,CHRL-Shane McConkey,Ac rw eh,4/9/2021 13:31,Cruickshank,,Septentrio,,Flagger on dead chico. 2nd flag on branch to east dont use branch tree. 10 cm fresh fallen so far today,,CRU_S4F,yes,FLOAT,180,,,Cardinal 10 m,S,7.5,,Depth,,,,340,4/9/2021 13:36,,,,,,,,,,,,,,,
56534202,2021-04-12 09:36:14 -07:00,iPad_F767753E-D795-463F-B7F4-AD4F9F50A080,CHRL-Shane McConkey,Ac rw eh,4/9/2021 13:31,Cruickshank,,Septentrio,,Flagger on dead chico. 2nd flag on branch to east dont use branch tree. 10 cm fresh fallen so far today,,CRU_S4F,yes,FLOAT,180,,,Cardinal 10 m,S,5,,Depth,,,,282,4/9/2021 13:36,,,,,,,,,,,,,,,
56534202,2021-04-12 09:36:14 -07:00,iPad_F767753E-D795-463F-B7F4-AD4F9F50A080,CHRL-Shane McConkey,Ac rw eh,4/9/2021 13:31,Cruickshank,,Septentrio,,Flagger on dead chico. 2nd flag on branch to east dont use branch tree. 10 cm fresh fallen so far today,,CRU_S4F,yes,FLOAT,180,,,Cardinal 10 m,S,2.5,,Depth,,,,332,4/9/2021 13:37,,,,,,,,,,,,,,,
56534202,2021-04-12 09:36:14 -07:00,iPad_F767753E-D795-463F-B7F4-AD4F9F50A080,CHRL-Shane McConkey,Ac rw eh,4/9/2021 13:31,Cruickshank,,Septentrio,,Flagger on dead chico. 2nd flag on branch to east dont use branch tree. 10 cm fresh fallen so far today,,CRU_S4F,yes,FLOAT,180,,,Cardinal 10 m,E,10,,Density,3490,no,,314,4/9/2021 13:55,271,4,4870,1380,86.30573248,99.594,0.321,,,,,,,,
56534202,2021-04-12 09:36:14 -07:00,iPad_F767753E-D795-463F-B7F4-AD4F9F50A080,CHRL-Shane McConkey,Ac rw eh,4/9/2021 13:31,Cruickshank,,Septentrio,,Flagger on dead chico. 2nd flag on branch to east dont use branch tree. 10 cm fresh fallen so far today,,CRU_S4F,yes,FLOAT,180,,,Cardinal 10 m,E,7.5,,Depth,,,,317,4/9/2021 13:43,,,,,,,,,,,,,,,
56534202,2021-04-12 09:36:14 -07:00,iPad_F767753E-D795-463F-B7F4-AD4F9F50A080,CHRL-Shane McConkey,Ac rw eh,4/9/2021 13:31,Cruickshank,,Septentrio,,Flagger on dead chico. 2nd flag on branch to east dont use branch tree. 10 cm fresh fallen so far today,,CRU_S4F,yes,FLOAT,180,,,Cardinal 10 m,E,5,,Depth,,,,300,4/9/2021 13:44,,,,,,,,,,,,,,,
56534202,2021-04-12 09:36:14 -07:00,iPad_F767753E-D795-463F-B7F4-AD4F9F50A080,CHRL-Shane McConkey,Ac rw eh,4/9/2021 13:31,Cruickshank,,Septentrio,,Flagger on dead chico. 2nd flag on branch to east dont use branch tree. 10 cm fresh fallen so far today,,CRU_S4F,yes,FLOAT,180,,,Cardinal 10 m,E,2.5,,Depth,,,,307,4/9/2021 13:44,,,,,,,,,,,,,,,
56534202,2021-04-12 09:36:14 -07:00,iPad_F767753E-D795-463F-B7F4-AD4F9F50A080,CHRL-Shane McConkey,Ac rw eh,4/9/2021 13:31,Cruickshank,,Septentrio,,Flagger on dead chico. 2nd flag on branch to east dont use branch tree. 10 cm fresh fallen so far today,,CRU_S4F,yes,FLOAT,180,,,Cardinal 10 m,N,10,,Density,3490,no,,268,4/9/2021 14:00,209,14,4480,990,77.98507463,71.448,0.281,Excellent,,,,,,,
56534202,2021-04-12 09:36:14 -07:00,iPad_F767753E-D795-463F-B7F4-AD4F9F50A080,CHRL-Shane McConkey,Ac rw eh,4/9/2021 13:31,Cruickshank,,Septentrio,,Flagger on dead chico. 2nd flag on branch to east dont use branch tree. 10 cm fresh fallen so far today,,CRU_S4F,yes,FLOAT,180,,,Cardinal 10 m,N,7.5,,Depth,,,,282,4/9/2021 13:51,,,,,,,,,1 m from trunk in t well ,,,,,,
56534202,2021-04-12 09:36:14 -07:00,iPad_F767753E-D795-463F-B7F4-AD4F9F50A080,CHRL-Shane McConkey,Ac rw eh,4/9/2021 13:31,Cruickshank,,Septentrio,,Flagger on dead chico. 2nd flag on branch to east dont use branch tree. 10 cm fresh fallen so far today,,CRU_S4F,yes,FLOAT,180,,,Cardinal 10 m,N,5,,Depth,,,,307,4/9/2021 13:53,,,,,,,,,,,,,,,
56534202,2021-04-12 09:36:14 -07:00,iPad_F767753E-D795-463F-B7F4-AD4F9F50A080,CHRL-Shane McConkey,Ac rw eh,4/9/2021 13:31,Cruickshank,,Septentrio,,Flagger on dead chico. 2nd flag on branch to east dont use branch tree. 10 cm fresh fallen so far today,,CRU_S4F,yes,FLOAT,180,,,Cardinal 10 m,N,2.5,,Depth,,,,342,4/9/2021 13:53,,,,,,,,,,,,,,,
56534202,2021-04-12 09:36:14 -07:00,iPad_F767753E-D795-463F-B7F4-AD4F9F50A080,CHRL-Shane McConkey,Ac rw eh,4/9/2021 13:31,Cruickshank,,Septentrio,,Flagger on dead chico. 2nd flag on branch to east dont use branch tree. 10 cm fresh fallen so far today,,CRU_S4F,yes,FLOAT,180,,,Cardinal 10 m,W,10,,Density,3490,no,,250,4/9/2021 14:05,288,0,5030,1540,115.2,111.141,0.445,,,,,,,,
56534202,2021-04-12 09:36:14 -07:00,iPad_F767753E-D795-463F-B7F4-AD4F9F50A080,CHRL-Shane McConkey,Ac rw eh,4/9/2021 13:31,Cruickshank,,Septentrio,,Flagger on dead chico. 2nd flag on branch to east dont use branch tree. 10 cm fresh fallen so far today,,CRU_S4F,yes,FLOAT,180,,,Cardinal 10 m,W,7.5,,Depth,,,,332,4/9/2021 13:57,,,,,,,,,,,,,,,
56534202,2021-04-12 09:36:14 -07:00,iPad_F767753E-D795-463F-B7F4-AD4F9F50A080,CHRL-Shane McConkey,Ac rw eh,4/9/2021 13:31,Cruickshank,,Septentrio,,Flagger on dead chico. 2nd flag on branch to east dont use branch tree. 10 cm fresh fallen so far today,,CRU_S4F,yes,FLOAT,180,,,Cardinal 10 m,W,5,,Depth,,,,362,4/9/2021 13:58,,,,,,,,,,,,,,,
56534202,2021-04-12 09:36:14 -07:00,iPad_F767753E-D795-463F-B7F4-AD4F9F50A080,CHRL-Shane McConkey,Ac rw eh,4/9/2021 13:31,Cruickshank,,Septentrio,,Flagger on dead chico. 2nd flag on branch to east dont use branch tree. 10 cm fresh fallen so far today,,CRU_S4F,yes,FLOAT,180,,,Cardinal 10 m,W,2.5,,Depth,,,,297,4/9/2021 14:00,,,,,,,,,20 cm south of line tonavoid tree trnk,,,,,,
56534359,2021-04-12 09:41:45 -07:00,iPad_F767753E-D795-463F-B7F4-AD4F9F50A080,CHRL-Shane McConkey,Ac eh rw,4/9/2021 10:52,Cruickshank,,Septentrio,,2.5cm new snow since lidar flight this week. Flagger on broken tree in snag. South arm at 30 deg,,CRU_S2F,yes,FIX,180,4/9/2021 10:54,,Cardinal 10 m,Centre,,,Density,3500,no,,341,4/9/2021 10:55,247,5,4520,1020,72.4340176,73.613,0.219,Excellent,High side of centre pt,https://drive.google.com/uc?id=1_N9eS50-4CprlCRrAvd_QsENKovtrv_1,,,,,
56534359,2021-04-12 09:41:45 -07:00,iPad_F767753E-D795-463F-B7F4-AD4F9F50A080,CHRL-Shane McConkey,Ac eh rw,4/9/2021 10:52,Cruickshank,,Septentrio,,2.5cm new snow since lidar flight this week. Flagger on broken tree in snag. South arm at 30 deg,,CRU_S2F,yes,FIX,180,,,Cardinal 10 m,W,10,,Density,3500,no,,371,4/9/2021 11:03,360,3,5060,1560,97.03504043,112.585,0.306,,,,,,,,
56534359,2021-04-12 09:41:45 -07:00,iPad_F767753E-D795-463F-B7F4-AD4F9F50A080,CHRL-Shane McConkey,Ac eh rw,4/9/2021 10:52,Cruickshank,,Septentrio,,2.5cm new snow since lidar flight this week. Flagger on broken tree in snag. South arm at 30 deg,,CRU_S2F,yes,FIX,180,,,Cardinal 10 m,W,2.5,,Depth,,,,344,4/9/2021 11:04,,,,,,,,,,,,,,,
56534359,2021-04-12 09:41:45 -07:00,iPad_F767753E-D795-463F-B7F4-AD4F9F50A080,CHRL-Shane McConkey,Ac eh rw,4/9/2021 10:52,Cruickshank,,Septentrio,,2.5cm new snow since lidar flight this week. Flagger on broken tree in snag. South arm at 30 deg,,CRU_S2F,yes,FIX,180,,,Cardinal 10 m,W,5,,Depth,,,,322,4/9/2021 11:05,,,,,,,,,,,,,,,
56534359,2021-04-12 09:41:45 -07:00,iPad_F767753E-D795-463F-B7F4-AD4F9F50A080,CHRL-Shane McConkey,Ac eh rw,4/9/2021 10:52,Cruickshank,,Septentrio,,2.5cm new snow since lidar flight this week. Flagger on broken tree in snag. South arm at 30 deg,,CRU_S2F,yes,FIX,180,,,Cardinal 10 m,W,7.5,,Depth,,,,345,4/9/2021 11:05,,,,,,,,,,,,,,,
56534359,2021-04-12 09:41:45 -07:00,iPad_F767753E-D795-463F-B7F4-AD4F9F50A080,CHRL-Shane McConkey,Ac eh rw,4/9/2021 10:52,Cruickshank,,Septentrio,,2.5cm new snow since lidar flight this week. Flagger on broken tree in snag. South arm at 30 deg,,CRU_S2F,yes,FIX,180,,,Cardinal 10 m,N,10,,Density,3500,no,,331,4/9/2021 11:12,283,0,4990,1490,85.49848943,107.533,0.325,Excellent,Under larger crown ,,,,,,
56534359,2021-04-12 09:41:45 -07:00,iPad_F767753E-D795-463F-B7F4-AD4F9F50A080,CHRL-Shane McConkey,Ac eh rw,4/9/2021 10:52,Cruickshank,,Septentrio,,2.5cm new snow since lidar flight this week. Flagger on broken tree in snag. South arm at 30 deg,,CRU_S2F,yes,FIX,180,,,Cardinal 10 m,N,7.5,,Depth,,,,348,4/9/2021 11:09,,,,,,,,,,,,,,,
56534359,2021-04-12 09:41:45 -07:00,iPad_F767753E-D795-463F-B7F4-AD4F9F50A080,CHRL-Shane McConkey,Ac eh rw,4/9/2021 10:52,Cruickshank,,Septentrio,,2.5cm new snow since lidar flight this week. Flagger on broken tree in snag. South arm at 30 deg,,CRU_S2F,yes,FIX,180,,,Cardinal 10 m,N,5,,Depth,,,,341,4/9/2021 11:10,,,,,,,,,,,,,,,
56534359,2021-04-12 09:41:45 -07:00,iPad_F767753E-D795-463F-B7F4-AD4F9F50A080,CHRL-Shane McConkey,Ac eh rw,4/9/2021 10:52,Cruickshank,,Septentrio,,2.5cm new snow since lidar flight this week. Flagger on broken tree in snag. South arm at 30 deg,,CRU_S2F,yes,FIX,180,,,Cardinal 10 m,N,2.5,,Depth,,,,363,4/9/2021 11:11,,,,,,,,,,,,,,,
56534359,2021-04-12 09:41:45 -07:00,iPad_F767753E-D795-463F-B7F4-AD4F9F50A080,CHRL-Shane McConkey,Ac eh rw,4/9/2021 10:52,Cruickshank,,Septentrio,,2.5cm new snow since lidar flight this week. Flagger on broken tree in snag. South arm at 30 deg,,CRU_S2F,yes,FIX,180,,,Cardinal 10 m,S,10,,Density,3500,no,,352,4/9/2021 11:17,200,2,4550,1050,5.966587112,75.778,0.023,,,,,,,,
56534359,2021-04-12 09:41:45 -07:00,iPad_F767753E-D795-463F-B7F4-AD4F9F50A080,CHRL-Shane McConkey,Ac eh rw,4/9/2021 10:52,Cruickshank,,Septentrio,,2.5cm new snow since lidar flight this week. Flagger on broken tree in snag. South arm at 30 deg,,CRU_S2F,yes,FIX,180,,,Cardinal 10 m,S,7.5,,Depth,,,,306,4/9/2021 11:19,,,,,,,,,,,,,,,
56534359,2021-04-12 09:41:45 -07:00,iPad_F767753E-D795-463F-B7F4-AD4F9F50A080,CHRL-Shane McConkey,Ac eh rw,4/9/2021 10:52,Cruickshank,,Septentrio,,2.5cm new snow since lidar flight this week. Flagger on broken tree in snag. South arm at 30 deg,,CRU_S2F,yes,FIX,180,,,Cardinal 10 m,S,7.5,,Depth,,,,,,,,,,,,,,,,,,,,
56534359,2021-04-12 09:41:45 -07:00,iPad_F767753E-D795-463F-B7F4-AD4F9F50A080,CHRL-Shane McConkey,Ac eh rw,4/9/2021 10:52,Cruickshank,,Septentrio,,2.5cm new snow since lidar flight this week. Flagger on broken tree in snag. South arm at 30 deg,,CRU_S2F,yes,FIX,180,,,Cardinal 10 m,S,5,,Depth,,,,296,4/9/2021 11:20,,,,,,,,,,,,,,,
56534359,2021-04-12 09:41:45 -07:00,iPad_F767753E-D795-463F-B7F4-AD4F9F50A080,CHRL-Shane McConkey,Ac eh rw,4/9/2021 10:52,Cruickshank,,Septentrio,,2.5cm new snow since lidar flight this week. Flagger on broken tree in snag. South arm at 30 deg,,CRU_S2F,yes,FIX,180,,,Cardinal 10 m,S,2.5,,Depth,,,,306,4/9/2021 11:21,,,,,,,,Excellent,,https://drive.google.com/uc?id=1M9cbDBcsqs-JUEkIqSFL0BsRUO9aLNy3,,,,,
56534359,2021-04-12 09:41:45 -07:00,iPad_F767753E-D795-463F-B7F4-AD4F9F50A080,CHRL-Shane McConkey,Ac eh rw,4/9/2021 10:52,Cruickshank,,Septentrio,,2.5cm new snow since lidar flight this week. Flagger on broken tree in snag. South arm at 30 deg,,CRU_S2F,yes,FIX,180,,,Cardinal 10 m,E,10,,Density,3500,no,,221,4/9/2021 11:26,39,0,3640,140,17.64705882,10.104,0.046,Bad,In tree well youngtree,https://drive.google.com/uc?id=1jOnHINb2_4GAwbruKQvP2okbb2diK4y8,,,,,
56534359,2021-04-12 09:41:45 -07:00,iPad_F767753E-D795-463F-B7F4-AD4F9F50A080,CHRL-Shane McConkey,Ac eh rw,4/9/2021 10:52,Cruickshank,,Septentrio,,2.5cm new snow since lidar flight this week. Flagger on broken tree in snag. South arm at 30 deg,,CRU_S2F,yes,FIX,180,,,Cardinal 10 m,E,2.5,,Depth,,,,340,4/9/2021 11:28,,,,,,,,Excellent,Edge of t well ,,,,,,
56534359,2021-04-12 09:41:45 -07:00,iPad_F767753E-D795-463F-B7F4-AD4F9F50A080,CHRL-Shane McConkey,Ac eh rw,4/9/2021 10:52,Cruickshank,,Septentrio,,2.5cm new snow since lidar flight this week. Flagger on broken tree in snag. South arm at 30 deg,,CRU_S2F,yes,FIX,180,,,Cardinal 10 m,E,5,,Depth,,,,310,4/9/2021 11:28,,,,,,,,,,,,,,,
56534359,2021-04-12 09:41:45 -07:00,iPad_F767753E-D795-463F-B7F4-AD4F9F50A080,CHRL-Shane McConkey,Ac eh rw,4/9/2021 10:52,Cruickshank,,Septentrio,,2.5cm new snow since lidar flight this week. Flagger on broken tree in snag. South arm at 30 deg,,CRU_S2F,yes,FIX,180,,,Cardinal 10 m,E,7.5,,Depth,,,,295,4/9/2021 11:29,,,,,,,,,,,,,,,
56534423,2021-04-12 09:44:00 -07:00,iPad_F767753E-D795-463F-B7F4-AD4F9F50A080,CHRL-Shane McConkey,Ac eh rw ,4/9/2021 14:44,Cruickshank,,Septentrio,,Snowing. 8 to 10cm ,,CRU_S5O,yes,FIX,2,4/9/2021 14:45,,Cardinal 10 m,Centre,,,Density,3000,no,,297,4/9/2021 14:47,177,1,4320,1320,59.5959596,95.264,0.322,,,,,,,,
56534423,2021-04-12 09:44:00 -07:00,iPad_F767753E-D795-463F-B7F4-AD4F9F50A080,CHRL-Shane McConkey,Ac eh rw ,4/9/2021 14:44,Cruickshank,,Septentrio,,Snowing. 8 to 10cm ,,CRU_S5O,yes,FIX,2,,,Cardinal 10 m,S,10,,Depth,,,,283,4/9/2021 14:49,,,,,,,,Good,,,,,,,
56534423,2021-04-12 09:44:00 -07:00,iPad_F767753E-D795-463F-B7F4-AD4F9F50A080,CHRL-Shane McConkey,Ac eh rw ,4/9/2021 14:44,Cruickshank,,Septentrio,,Snowing. 8 to 10cm ,,CRU_S5O,yes,FIX,2,,,Cardinal 10 m,S,7.5,,Depth,,,,286,4/9/2021 14:53,,,,,,,,,,,,,,,
56534423,2021-04-12 09:44:00 -07:00,iPad_F767753E-D795-463F-B7F4-AD4F9F50A080,CHRL-Shane McConkey,Ac eh rw ,4/9/2021 14:44,Cruickshank,,Septentrio,,Snowing. 8 to 10cm ,,CRU_S5O,yes,FIX,2,,,Cardinal 10 m,S,5,,Depth,,,,285,4/9/2021 14:54,,,,,,,,,,,,,,,
56534423,2021-04-12 09:44:00 -07:00,iPad_F767753E-D795-463F-B7F4-AD4F9F50A080,CHRL-Shane McConkey,Ac eh rw ,4/9/2021 14:44,Cruickshank,,Septentrio,,Snowing. 8 to 10cm ,,CRU_S5O,yes,FIX,2,,,Cardinal 10 m,S,2.5,,Depth,,,,332,4/9/2021 14:54,,,,,,,,Good,,,,,,,
56534423,2021-04-12 09:44:00 -07:00,iPad_F767753E-D795-463F-B7F4-AD4F9F50A080,CHRL-Shane McConkey,Ac eh rw ,4/9/2021 14:44,Cruickshank,,Septentrio,,Snowing. 8 to 10cm ,,CRU_S5O,yes,FIX,2,,,Cardinal 10 m,S,10,,Density,3000,no,,277,4/9/2021 15:00,262,0,4310,1310,94.58483755,94.542,0.341,,,,,,,,
56534423,2021-04-12 09:44:00 -07:00,iPad_F767753E-D795-463F-B7F4-AD4F9F50A080,CHRL-Shane McConkey,Ac eh rw ,4/9/2021 14:44,Cruickshank,,Septentrio,,Snowing. 8 to 10cm ,,CRU_S5O,yes,FIX,2,,,Cardinal 10 m,E,10,,Depth,,,,281,4/9/2021 14:58,,,,,,,,,,,,,,,
56534423,2021-04-12 09:44:00 -07:00,iPad_F767753E-D795-463F-B7F4-AD4F9F50A080,CHRL-Shane McConkey,Ac eh rw ,4/9/2021 14:44,Cruickshank,,Septentrio,,Snowing. 8 to 10cm ,,CRU_S5O,yes,FIX,2,,,Cardinal 10 m,E,7.5,,Depth,,,,233,4/9/2021 14:58,,,,,,,,Good,,,,,,,
56534423,2021-04-12 09:44:00 -07:00,iPad_F767753E-D795-463F-B7F4-AD4F9F50A080,CHRL-Shane McConkey,Ac eh rw ,4/9/2021 14:44,Cruickshank,,Septentrio,,Snowing. 8 to 10cm ,,CRU_S5O,yes,FIX,2,,,Cardinal 10 m,E,5,,Depth,,,,300,4/9/2021 14:59,,,,,,,,,,,,,,,
56534423,2021-04-12 09:44:00 -07:00,iPad_F767753E-D795-463F-B7F4-AD4F9F50A080,CHRL-Shane McConkey,Ac eh rw ,4/9/2021 14:44,Cruickshank,,Septentrio,,Snowing. 8 to 10cm ,,CRU_S5O,yes,FIX,2,,,Cardinal 10 m,E,2.5,,Depth,,,,317,4/9/2021 14:59,,,,,,,,,,,,,,,
56534423,2021-04-12 09:44:00 -07:00,iPad_F767753E-D795-463F-B7F4-AD4F9F50A080,CHRL-Shane McConkey,Ac eh rw ,4/9/2021 14:44,Cruickshank,,Septentrio,,Snowing. 8 to 10cm ,,CRU_S5O,yes,FIX,2,,,Cardinal 10 m,W,10,,Depth,,,,300,4/9/2021 15:03,,,,,,,,,,,,,,,
56534423,2021-04-12 09:44:00 -07:00,iPad_F767753E-D795-463F-B7F4-AD4F9F50A080,CHRL-Shane McConkey,Ac eh rw ,4/9/2021 14:44,Cruickshank,,Septentrio,,Snowing. 8 to 10cm ,,CRU_S5O,yes,FIX,2,,,Cardinal 10 m,W,7.5,,Depth,,,,302,4/9/2021 15:03,,,,,,,,,,,,,,,
56534423,2021-04-12 09:44:00 -07:00,iPad_F767753E-D795-463F-B7F4-AD4F9F50A080,CHRL-Shane McConkey,Ac eh rw ,4/9/2021 14:44,Cruickshank,,Septentrio,,Snowing. 8 to 10cm ,,CRU_S5O,yes,FIX,2,,,Cardinal 10 m,W,5,,Depth,,,,227,4/9/2021 15:04,,,,,,,,Good,,,,,,,
56534423,2021-04-12 09:44:00 -07:00,iPad_F767753E-D795-463F-B7F4-AD4F9F50A080,CHRL-Shane McConkey,Ac eh rw ,4/9/2021 14:44,Cruickshank,,Septentrio,,Snowing. 8 to 10cm ,,CRU_S5O,yes,FIX,2,,,Cardinal 10 m,W,2.5,,Depth,,,,230,4/9/2021 15:05,,,,,,,,,,,,,,,
56534423,2021-04-12 09:44:00 -07:00,iPad_F767753E-D795-463F-B7F4-AD4F9F50A080,CHRL-Shane McConkey,Ac eh rw ,4/9/2021 14:44,Cruickshank,,Septentrio,,Snowing. 8 to 10cm ,,CRU_S5O,yes,FIX,2,,,Cardinal 10 m,W,10,,Density,3000,no,,298,4/9/2021 15:04,270,,4530,1530,90.60402685,110.42,,Good,,,,,,,
56534423,2021-04-12 09:44:00 -07:00,iPad_F767753E-D795-463F-B7F4-AD4F9F50A080,CHRL-Shane McConkey,Ac eh rw ,4/9/2021 14:44,Cruickshank,,Septentrio,,Snowing. 8 to 10cm ,,CRU_S5O,yes,FIX,2,,,Cardinal 10 m,E,10,,Density,3000,no,,293,4/9/2021 15:07,257,0,4350,1350,87.71331058,97.429,0.333,Poor,,,,,,,
56534423,2021-04-12 09:44:00 -07:00,iPad_F767753E-D795-463F-B7F4-AD4F9F50A080,CHRL-Shane McConkey,Ac eh rw ,4/9/2021 14:44,Cruickshank,,Septentrio,,Snowing. 8 to 10cm ,,CRU_S5O,yes,FIX,2,,,Cardinal 10 m,N,7.5,,Depth,,,,337,4/9/2021 15:09,,,,,,,,,,,,,,,
56534423,2021-04-12 09:44:00 -07:00,iPad_F767753E-D795-463F-B7F4-AD4F9F50A080,CHRL-Shane McConkey,Ac eh rw ,4/9/2021 14:44,Cruickshank,,Septentrio,,Snowing. 8 to 10cm ,,CRU_S5O,yes,FIX,2,,,Cardinal 10 m,N,5,,Depth,,,,338,4/9/2021 15:09,,,,,,,,,,,,,,,
56534423,2021-04-12 09:44:00 -07:00,iPad_F767753E-D795-463F-B7F4-AD4F9F50A080,CHRL-Shane McConkey,Ac eh rw ,4/9/2021 14:44,Cruickshank,,Septentrio,,Snowing. 8 to 10cm ,,CRU_S5O,yes,FIX,2,,,Cardinal 10 m,N,2.5,,Depth,,,,324,4/9/2021 15:09,,,,,,,,,,,,,,,
56534423,2021-04-12 09:44:00 -07:00,iPad_F767753E-D795-463F-B7F4-AD4F9F50A080,CHRL-Shane McConkey,Ac eh rw ,4/9/2021 14:44,Cruickshank,,Septentrio,,Snowing. 8 to 10cm ,,CRU_S5O,yes,FIX,2,,,Cardinal 10 m,N,10,,Density,3000,no,,306,4/9/2021 15:08,278,,4570,1570,90.8496732,113.307,,,,,,,,,
56534449,2021-04-12 09:44:51 -07:00,iPad_F767753E-D795-463F-B7F4-AD4F9F50A080,CHRL-Shane McConkey,"RW, AC, EH",4/9/2021 12:14,Cruickshank,,Septentrio,,Snowing,,CRU_S3F ,yes,FIX,2,,,Cardinal 10 m,N,10,,Depth,,,,374,4/9/2021 12:15,,,,,,,,Excellent,,,,,,,4/9/2021 12:52
56534449,2021-04-12 09:44:51 -07:00,iPad_F767753E-D795-463F-B7F4-AD4F9F50A080,CHRL-Shane McConkey,"RW, AC, EH",4/9/2021 12:14,Cruickshank,,Septentrio,,Snowing,,CRU_S3F ,yes,FIX,2,,,Cardinal 10 m,N,7.5,,Depth,,,,348,4/9/2021 12:15,,,,,,,,Excellent,,,,,,,4/9/2021 12:52
56534449,2021-04-12 09:44:51 -07:00,iPad_F767753E-D795-463F-B7F4-AD4F9F50A080,CHRL-Shane McConkey,"RW, AC, EH",4/9/2021 12:14,Cruickshank,,Septentrio,,Snowing,,CRU_S3F ,yes,FIX,2,,,Cardinal 10 m,N,5,,Depth,,,,382,4/9/2021 12:16,,,,,,,,Excellent,,,,,,,4/9/2021 12:52
56534449,2021-04-12 09:44:51 -07:00,iPad_F767753E-D795-463F-B7F4-AD4F9F50A080,CHRL-Shane McConkey,"RW, AC, EH",4/9/2021 12:14,Cruickshank,,Septentrio,,Snowing,,CRU_S3F ,yes,FIX,2,,,Cardinal 10 m,N,2.5,,Depth,,,,342,4/9/2021 12:16,,,,,,,,Excellent,,,,,,,4/9/2021 12:52
56534449,2021-04-12 09:44:51 -07:00,iPad_F767753E-D795-463F-B7F4-AD4F9F50A080,CHRL-Shane McConkey,"RW, AC, EH",4/9/2021 12:14,Cruickshank,,Septentrio,,Snowing,,CRU_S3F ,yes,FIX,2,,,Cardinal 10 m,Centre,,,Density,3570,no,,392,4/9/2021 12:21,325,3,5200,1630,82.90816327,117.637,0.302,Excellent,,https://drive.google.com/uc?id=17n3TbGmjROM0S6Q3Qroe4aGN6ZP9uBpt,,,,,4/9/2021 12:52
56534449,2021-04-12 09:44:51 -07:00,iPad_F767753E-D795-463F-B7F4-AD4F9F50A080,CHRL-Shane McConkey,"RW, AC, EH",4/9/2021 12:14,Cruickshank,,Septentrio,,Snowing,,CRU_S3F ,yes,FIX,2,,,Cardinal 10 m,W,10,,Depth,,,,370,4/9/2021 12:20,,,,,,,,Excellent,,,,,,,4/9/2021 12:52
56534449,2021-04-12 09:44:51 -07:00,iPad_F767753E-D795-463F-B7F4-AD4F9F50A080,CHRL-Shane McConkey,"RW, AC, EH",4/9/2021 12:14,Cruickshank,,Septentrio,,Snowing,,CRU_S3F ,yes,FIX,2,,,Cardinal 10 m,W,7.5,,Depth,,,,324,4/9/2021 12:20,,,,,,,,Excellent,,,,,,,4/9/2021 12:52
56534449,2021-04-12 09:44:51 -07:00,iPad_F767753E-D795-463F-B7F4-AD4F9F50A080,CHRL-Shane McConkey,"RW, AC, EH",4/9/2021 12:14,Cruickshank,,Septentrio,,Snowing,,CRU_S3F ,yes,FIX,2,,,Cardinal 10 m,W,5,,Depth,,,,356,4/9/2021 12:23,,,,,,,,Excellent,,,,,,,4/9/2021 12:52
56534449,2021-04-12 09:44:51 -07:00,iPad_F767753E-D795-463F-B7F4-AD4F9F50A080,CHRL-Shane McConkey,"RW, AC, EH",4/9/2021 12:14,Cruickshank,,Septentrio,,Snowing,,CRU_S3F ,yes,FIX,2,,,Cardinal 10 m,W,2.5,,Depth,,,,296,4/9/2021 12:23,,,,,,,,Excellent,,,,,,,4/9/2021 12:52
56534449,2021-04-12 09:44:51 -07:00,iPad_F767753E-D795-463F-B7F4-AD4F9F50A080,CHRL-Shane McConkey,"RW, AC, EH",4/9/2021 12:14,Cruickshank,,Septentrio,,Snowing,,CRU_S3F ,yes,FIX,2,,,Cardinal 10 m,E,10,,Depth,,,,354,4/9/2021 12:24,,,,,,,,Excellent,,,,,,,4/9/2021 12:52
56534449,2021-04-12 09:44:51 -07:00,iPad_F767753E-D795-463F-B7F4-AD4F9F50A080,CHRL-Shane McConkey,"RW, AC, EH",4/9/2021 12:14,Cruickshank,,Septentrio,,Snowing,,CRU_S3F ,yes,FIX,2,,,Cardinal 10 m,W,10,,Density,3570,no,,422,4/9/2021 12:25,312,2,5080,1510,73.93364929,108.976,0.259,,,,,,,,4/9/2021 12:52
56534449,2021-04-12 09:44:51 -07:00,iPad_F767753E-D795-463F-B7F4-AD4F9F50A080,CHRL-Shane McConkey,"RW, AC, EH",4/9/2021 12:14,Cruickshank,,Septentrio,,Snowing,,CRU_S3F ,yes,FIX,2,,,Cardinal 10 m,E,7.5,,Depth,,,,359,4/9/2021 12:26,,,,,,,,Excellent,,,,,,,4/9/2021 12:52
56534449,2021-04-12 09:44:51 -07:00,iPad_F767753E-D795-463F-B7F4-AD4F9F50A080,CHRL-Shane McConkey,"RW, AC, EH",4/9/2021 12:14,Cruickshank,,Septentrio,,Snowing,,CRU_S3F ,yes,FIX,2,,,Cardinal 10 m,E,5,,Depth,,,,294,4/9/2021 12:26,,,,,,,,Excellent,,,,,,,4/9/2021 12:52
56534449,2021-04-12 09:44:51 -07:00,iPad_F767753E-D795-463F-B7F4-AD4F9F50A080,CHRL-Shane McConkey,"RW, AC, EH",4/9/2021 12:14,Cruickshank,,Septentrio,,Snowing,,CRU_S3F ,yes,FIX,2,,,Cardinal 10 m,E,2.5,,Depth,,,,369,4/9/2021 12:27,,,,,,,,Excellent,,,,,,,4/9/2021 12:52
56534449,2021-04-12 09:44:51 -07:00,iPad_F767753E-D795-463F-B7F4-AD4F9F50A080,CHRL-Shane McConkey,"RW, AC, EH",4/9/2021 12:14,Cruickshank,,Septentrio,,Snowing,,CRU_S3F ,yes,FIX,2,,,Cardinal 10 m,S,7.5,,Depth,,,,334,4/9/2021 12:31,,,,,,,,Excellent,,,,,,,4/9/2021 12:52
56534449,2021-04-12 09:44:51 -07:00,iPad_F767753E-D795-463F-B7F4-AD4F9F50A080,CHRL-Shane McConkey,"RW, AC, EH",4/9/2021 12:14,Cruickshank,,Septentrio,,Snowing,,CRU_S3F ,yes,FIX,2,,,Cardinal 10 m,E,10,,Density,3570,no,,386,4/9/2021 12:28,305,1,5170,1600,79.01554404,115.472,0.3,,,,,,,,4/9/2021 12:52
56534449,2021-04-12 09:44:51 -07:00,iPad_F767753E-D795-463F-B7F4-AD4F9F50A080,CHRL-Shane McConkey,"RW, AC, EH",4/9/2021 12:14,Cruickshank,,Septentrio,,Snowing,,CRU_S3F ,yes,FIX,2,,,Cardinal 10 m,S,10,,Density,3570,no,,400,4/9/2021 12:34,195,3,4800,1230,48.75,88.769,0.224,Excellent,Tree well,,,,,,4/9/2021 12:52
56534449,2021-04-12 09:44:51 -07:00,iPad_F767753E-D795-463F-B7F4-AD4F9F50A080,CHRL-Shane McConkey,"RW, AC, EH",4/9/2021 12:14,Cruickshank,,Septentrio,,Snowing,,CRU_S3F ,yes,FIX,2,,,Cardinal 10 m,S,2.5,,Depth,,,,344,4/9/2021 12:32,,,,,,,,Excellent,,,,,,,4/9/2021 12:52
56534449,2021-04-12 09:44:51 -07:00,iPad_F767753E-D795-463F-B7F4-AD4F9F50A080,CHRL-Shane McConkey,"RW, AC, EH",4/9/2021 12:14,Cruickshank,,Septentrio,,Snowing,,CRU_S3F ,yes,FIX,2,,,Cardinal 10 m,S,5,,Depth,,,,388,4/9/2021 12:36,,,,,,,,Excellent,,,,,,,4/9/2021 12:52
56534449,2021-04-12 09:44:51 -07:00,iPad_F767753E-D795-463F-B7F4-AD4F9F50A080,CHRL-Shane McConkey,"RW, AC, EH",4/9/2021 12:14,Cruickshank,,Septentrio,,Snowing,,CRU_S3F ,yes,FIX,2,,,Cardinal 10 m,N,10,,Density,3570,no,,318,4/9/2021 12:50,296,4,4550,980,93.08176101,70.726,0.225,Excellent,,,,,,,4/9/2021 12:52
56535509,2021-04-06 14:11:48 -07:00,iPad_F38B7DE9-9E96-46F1-8A21-B55333832D55,CHRL-Warren Miller,"Rw, eh, Ac",4/6/2021 13:12,Cruickshank,,Septentrio,,,,CRU_S1A,yes,,,4/6/2021 13:13,,Cardinal 10 m,Centre,,,Density,3060,yes,1a,245,4/6/2021 13:16,242,0,4280,1220,98.7755102,88.047,0.359,Good,,,,,,,
56535509,2021-04-06 14:11:48 -07:00,iPad_F38B7DE9-9E96-46F1-8A21-B55333832D55,CHRL-Warren Miller,"Rw, eh, Ac",4/6/2021 13:12,Cruickshank,,Septentrio,,,,CRU_S1A,yes,,,4/6/2021 13:18,,Cardinal 10 m,N,10,,Depth,,,,240,4/6/2021 13:20,,,,,,,,Good,,,,,,,
56535509,2021-04-06 14:11:48 -07:00,iPad_F38B7DE9-9E96-46F1-8A21-B55333832D55,CHRL-Warren Miller,"Rw, eh, Ac",4/6/2021 13:12,Cruickshank,,Septentrio,,,,CRU_S1A,yes,,,4/6/2021 13:20,,Cardinal 10 m,N,7.5,,Depth,,,,245,4/6/2021 13:20,,,,,,,,Good,,,,,,,
56535509,2021-04-06 14:11:48 -07:00,iPad_F38B7DE9-9E96-46F1-8A21-B55333832D55,CHRL-Warren Miller,"Rw, eh, Ac",4/6/2021 13:12,Cruickshank,,Septentrio,,,,CRU_S1A,yes,,,4/6/2021 13:26,,Cardinal 10 m,N,5,,Depth,,,,297,4/6/2021 13:22,,,,,,,,Good,,,,,,,
56535509,2021-04-06 14:11:48 -07:00,iPad_F38B7DE9-9E96-46F1-8A21-B55333832D55,CHRL-Warren Miller,"Rw, eh, Ac",4/6/2021 13:12,Cruickshank,,Septentrio,,,,CRU_S1A,yes,,,,,Cardinal 10 m,Centre,,,Density,3060,yes,1b,275,4/6/2021 13:21,35,0,3290,230,12.72727273,16.599,0.06,,,,,,,,
56535509,2021-04-06 14:11:48 -07:00,iPad_F38B7DE9-9E96-46F1-8A21-B55333832D55,CHRL-Warren Miller,"Rw, eh, Ac",4/6/2021 13:12,Cruickshank,,Septentrio,,,,CRU_S1A,yes,,,4/6/2021 13:23,,Cardinal 10 m,N,2.5,,Depth,,,,303,4/6/2021 13:24,,,,,,,,Good,,,,,,,
56535509,2021-04-06 14:11:48 -07:00,iPad_F38B7DE9-9E96-46F1-8A21-B55333832D55,CHRL-Warren Miller,"Rw, eh, Ac",4/6/2021 13:12,Cruickshank,,Septentrio,,,,CRU_S1A,yes,,,,,Cardinal 10 m,Centre,,,Density,3060,yes,1c,300,4/6/2021 13:23,32,0,3180,120,10.66666667,8.66,0.029,,,,,,,,
56535509,2021-04-06 14:11:48 -07:00,iPad_F38B7DE9-9E96-46F1-8A21-B55333832D55,CHRL-Warren Miller,"Rw, eh, Ac",4/6/2021 13:12,Cruickshank,,Septentrio,,,,CRU_S1A,yes,,,,,Cardinal 10 m,Centre,,,Density,3060,yes,1d,316,4/6/2021 13:25,19,0,3120,60,6.012658228,4.33,0.014,Fair,,,,,,,
56535509,2021-04-06 14:11:48 -07:00,iPad_F38B7DE9-9E96-46F1-8A21-B55333832D55,CHRL-Warren Miller,"Rw, eh, Ac",4/6/2021 13:12,Cruickshank,,Septentrio,,,,CRU_S1A,yes,,,,,Cardinal 10 m,E,10,,Depth,,,,220,4/6/2021 13:28,,,,,,,,Good,Various trees,,,,,,
56535509,2021-04-06 14:11:48 -07:00,iPad_F38B7DE9-9E96-46F1-8A21-B55333832D55,CHRL-Warren Miller,"Rw, eh, Ac",4/6/2021 13:12,Cruickshank,,Septentrio,,,,CRU_S1A,yes,,,,,Cardinal 10 m,E,7.5,,Depth,,,,290,4/6/2021 13:29,,,,,,,,Good,,,,,,,
56535509,2021-04-06 14:11:48 -07:00,iPad_F38B7DE9-9E96-46F1-8A21-B55333832D55,CHRL-Warren Miller,"Rw, eh, Ac",4/6/2021 13:12,Cruickshank,,Septentrio,,,,CRU_S1A,yes,,,,,Cardinal 10 m,E,5,,Depth,,,,206,4/6/2021 13:30,,,,,,,,Good,,,,,,,
56535509,2021-04-06 14:11:48 -07:00,iPad_F38B7DE9-9E96-46F1-8A21-B55333832D55,CHRL-Warren Miller,"Rw, eh, Ac",4/6/2021 13:12,Cruickshank,,Septentrio,,,,CRU_S1A,yes,,,,,Cardinal 10 m,E,2.5,,Depth,,,,232,4/6/2021 13:31,,,,,,,,Good,,,,,,,
56535509,2021-04-06 14:11:48 -07:00,iPad_F38B7DE9-9E96-46F1-8A21-B55333832D55,CHRL-Warren Miller,"Rw, eh, Ac",4/6/2021 13:12,Cruickshank,,Septentrio,,,,CRU_S1A,yes,,,,,Cardinal 10 m,N,10,,Density,3060,no,,255,4/6/2021 13:30,246,0,4240,1180,96.47058824,85.16,0.334,,,,,,,,
56535509,2021-04-06 14:11:48 -07:00,iPad_F38B7DE9-9E96-46F1-8A21-B55333832D55,CHRL-Warren Miller,"Rw, eh, Ac",4/6/2021 13:12,Cruickshank,,Septentrio,,,,CRU_S1A,yes,,,,,Cardinal 10 m,W,10,,Depth,,,,355,4/6/2021 14:01,,,,,,,,Good,,,,,,,
56535509,2021-04-06 14:11:48 -07:00,iPad_F38B7DE9-9E96-46F1-8A21-B55333832D55,CHRL-Warren Miller,"Rw, eh, Ac",4/6/2021 13:12,Cruickshank,,Septentrio,,,,CRU_S1A,yes,,,,,Cardinal 10 m,W,7.5,,Depth,,,,303,4/6/2021 14:02,,,,,,,,,,,,,,,
56535509,2021-04-06 14:11:48 -07:00,iPad_F38B7DE9-9E96-46F1-8A21-B55333832D55,CHRL-Warren Miller,"Rw, eh, Ac",4/6/2021 13:12,Cruickshank,,Septentrio,,,,CRU_S1A,yes,,,,,Cardinal 10 m,W,5,,Depth,,,,264,4/6/2021 14:04,,,,,,,,Good,,,,,,,
56535509,2021-04-06 14:11:48 -07:00,iPad_F38B7DE9-9E96-46F1-8A21-B55333832D55,CHRL-Warren Miller,"Rw, eh, Ac",4/6/2021 13:12,Cruickshank,,Septentrio,,,,CRU_S1A,yes,,,,,Cardinal 10 m,W,2.5,,Depth,,,,234,4/6/2021 13:37,,,,,,,,Good,,,,,,,
56535509,2021-04-06 14:11:48 -07:00,iPad_F38B7DE9-9E96-46F1-8A21-B55333832D55,CHRL-Warren Miller,"Rw, eh, Ac",4/6/2021 13:12,Cruickshank,,Septentrio,,,,CRU_S1A,yes,,,,,Cardinal 10 m,E,10,,Density,3060,no,,154,4/6/2021 13:33,147,1,3560,500,95.45454545,36.085,0.236,,Landed on tree,,,,,,
56535509,2021-04-06 14:11:48 -07:00,iPad_F38B7DE9-9E96-46F1-8A21-B55333832D55,CHRL-Warren Miller,"Rw, eh, Ac",4/6/2021 13:12,Cruickshank,,Septentrio,,,,CRU_S1A,yes,,,,,Cardinal 10 m,W,10,,Density,3060,yes,1a,241,4/6/2021 13:38,231,0,4200,1140,95.85062241,82.274,0.341,,,,,,,,
56535509,2021-04-06 14:11:48 -07:00,iPad_F38B7DE9-9E96-46F1-8A21-B55333832D55,CHRL-Warren Miller,"Rw, eh, Ac",4/6/2021 13:12,Cruickshank,,Septentrio,,,,CRU_S1A,yes,,,,,Cardinal 10 m,W,10,,Density,3060,yes,1b,260,4/6/2021 13:42,34,0,3250,190,13.07692308,13.712,0.053,,,,,,,,
56535509,2021-04-06 14:11:48 -07:00,iPad_F38B7DE9-9E96-46F1-8A21-B55333832D55,CHRL-Warren Miller,"Rw, eh, Ac",4/6/2021 13:12,Cruickshank,,Septentrio,,,,CRU_S1A,yes,,,,,Cardinal 10 m,S,10,,Depth,,,,329,4/6/2021 13:43,,,,,,,,Good,,,,,,,
56535509,2021-04-06 14:11:48 -07:00,iPad_F38B7DE9-9E96-46F1-8A21-B55333832D55,CHRL-Warren Miller,"Rw, eh, Ac",4/6/2021 13:12,Cruickshank,,Septentrio,,,,CRU_S1A,yes,,,,,Cardinal 10 m,S,7.5,,Depth,,,,349,4/6/2021 13:43,,,,,,,,,,,,,,,
56535509,2021-04-06 14:11:48 -07:00,iPad_F38B7DE9-9E96-46F1-8A21-B55333832D55,CHRL-Warren Miller,"Rw, eh, Ac",4/6/2021 13:12,Cruickshank,,Septentrio,,,,CRU_S1A,yes,,,,,Cardinal 10 m,S,5,,Depth,,,,257,4/6/2021 13:44,,,,,,,,,,,,,,,
56535509,2021-04-06 14:11:48 -07:00,iPad_F38B7DE9-9E96-46F1-8A21-B55333832D55,CHRL-Warren Miller,"Rw, eh, Ac",4/6/2021 13:12,Cruickshank,,Septentrio,,,,CRU_S1A,yes,,,,,Cardinal 10 m,S,2.5,,Depth,,,,209,4/6/2021 13:45,,,,,,,,,,,,,,,
56535509,2021-04-06 14:11:48 -07:00,iPad_F38B7DE9-9E96-46F1-8A21-B55333832D55,CHRL-Warren Miller,"Rw, eh, Ac",4/6/2021 13:12,Cruickshank,,Septentrio,,,,CRU_S1A,yes,,,,,Cardinal 10 m,W,10,,Density,3060,yes,1c,327,4/6/2021 13:45,75,0,3430,370,22.93577982,26.703,0.082,,,,,,,,
56535509,2021-04-06 14:11:48 -07:00,iPad_F38B7DE9-9E96-46F1-8A21-B55333832D55,CHRL-Warren Miller,"Rw, eh, Ac",4/6/2021 13:12,Cruickshank,,Septentrio,,,,CRU_S1A,yes,,,,,Cardinal 10 m,W,10,,Density,3500,yes,1d,360,4/6/2021 13:50,37,0,3680,180,10.27777778,12.991,0.036,,,,,,,,
56535509,2021-04-06 14:11:48 -07:00,iPad_F38B7DE9-9E96-46F1-8A21-B55333832D55,CHRL-Warren Miller,"Rw, eh, Ac",4/6/2021 13:12,Cruickshank,,Septentrio,,,,CRU_S1A,yes,,,,,Cardinal 10 m,W,10,,Density,3500,yes,1e,371,4/6/2021 13:54,15,1,3530,30,4.043126685,2.165,0.006,Fair,,,,,,,
56535509,2021-04-06 14:11:48 -07:00,iPad_F38B7DE9-9E96-46F1-8A21-B55333832D55,CHRL-Warren Miller,"Rw, eh, Ac",4/6/2021 13:12,Cruickshank,,Septentrio,,,,CRU_S1A,yes,,,,,Cardinal 10 m,S,10,,Density,3500,no,,325,4/6/2021 13:59,315,0,5080,1580,96.92307692,114.028,0.351,Good,Felt rock,,,,,,
56535528,2021-04-12 09:50:06 -07:00,iPad_F38B7DE9-9E96-46F1-8A21-B55333832D55,CHRL-Warren Miller,Ac eh rw,4/5/2021 16:15,Cruickshank,,Septentrio,,First day yo. 4 extendos at 42 cm,,CRU_WX_CAM,yes,FIX,,4/5/2021 16:17,,Camera + Snow Stakes,,,,Depth,,,,403,4/5/2021 16:26,,,,,,,,Excellent,Stake 5,https://drive.google.com/uc?id=19Z_2L8x3sceyuzbsrsElBljG2b9_D4c5,,,,,
56535528,2021-04-12 09:50:06 -07:00,iPad_F38B7DE9-9E96-46F1-8A21-B55333832D55,CHRL-Warren Miller,Ac eh rw,4/5/2021 16:15,Cruickshank,,Septentrio,,First day yo. 4 extendos at 42 cm,,CRU_WX_CAM,yes,FIX,,4/5/2021 16:27,,Camera + Snow Stakes,,,,Depth,,,,419,4/5/2021 16:28,,,,,,,,,Stake 4,,,,,,
56535528,2021-04-12 09:50:06 -07:00,iPad_F38B7DE9-9E96-46F1-8A21-B55333832D55,CHRL-Warren Miller,Ac eh rw,4/5/2021 16:15,Cruickshank,,Septentrio,,First day yo. 4 extendos at 42 cm,,CRU_WX_CAM,yes,FIX,,4/5/2021 16:28,,Camera + Snow Stakes,,,,Depth,,,,398,4/5/2021 16:28,,,,,,,,Excellent,Stk 1,,,,,,
56535528,2021-04-12 09:50:06 -07:00,iPad_F38B7DE9-9E96-46F1-8A21-B55333832D55,CHRL-Warren Miller,Ac eh rw,4/5/2021 16:15,Cruickshank,,Septentrio,,First day yo. 4 extendos at 42 cm,,CRU_WX_CAM,yes,FIX,,,,Camera + Snow Stakes,,,,Depth,,,,395,4/5/2021 16:29,,,,,,,,Excellent,Stk 2,,,,,,
56535528,2021-04-12 09:50:06 -07:00,iPad_F38B7DE9-9E96-46F1-8A21-B55333832D55,CHRL-Warren Miller,Ac eh rw,4/5/2021 16:15,Cruickshank,,Septentrio,,First day yo. 4 extendos at 42 cm,,CRU_WX_CAM,yes,FIX,,,,Camera + Snow Stakes,,,,Depth,,,,427,4/5/2021 16:30,,,,,,,,Excellent,Stk 3,,,,,,
56535508,2021-04-07 13:22:00 -07:00,iPad_F38B7DE9-9E96-46F1-8A21-B55333832D55,CHRL-Warren Miller,,4/7/2021 13:18,Cruickshank,,,,Revisit already gnssd. Moved stks down,,CRU_CAM2,no,,,,,Camera + Snow Stakes,,,,Depth,,,,302,4/7/2021 13:19,,,,,,,,,1,,,,,,
56535508,2021-04-07 13:22:00 -07:00,iPad_F38B7DE9-9E96-46F1-8A21-B55333832D55,CHRL-Warren Miller,,4/7/2021 13:18,Cruickshank,,,,Revisit already gnssd. Moved stks down,,CRU_CAM2,no,,,,,Camera + Snow Stakes,,,,Depth,,,,301,4/7/2021 13:19,,,,,,,,,3,,,,,,
56535508,2021-04-07 13:22:00 -07:00,iPad_F38B7DE9-9E96-46F1-8A21-B55333832D55,CHRL-Warren Miller,,4/7/2021 13:18,Cruickshank,,,,Revisit already gnssd. Moved stks down,,CRU_CAM2,no,,,,,Camera + Snow Stakes,,,,Depth,,,,317,4/7/2021 13:20,,,,,,,,,5,,,,,,
56535508,2021-04-07 13:22:00 -07:00,iPad_F38B7DE9-9E96-46F1-8A21-B55333832D55,CHRL-Warren Miller,,4/7/2021 13:18,Cruickshank,,,,Revisit already gnssd. Moved stks down,,CRU_CAM2,no,,,,,Camera + Snow Stakes,,,,Depth,,,,288,4/7/2021 13:21,,,,,,,,,2,,,,,,
56535508,2021-04-07 13:22:00 -07:00,iPad_F38B7DE9-9E96-46F1-8A21-B55333832D55,CHRL-Warren Miller,,4/7/2021 13:18,Cruickshank,,,,Revisit already gnssd. Moved stks down,,CRU_CAM2,no,,,,,Camera + Snow Stakes,,,,Depth,,,,287,4/7/2021 13:21,,,,,,,,,4,,,,,,
56535510,2021-04-12 10:01:11 -07:00,iPad_F38B7DE9-9E96-46F1-8A21-B55333832D55,CHRL-Warren Miller,Ac eh rw ,4/6/2021 9:57,Cruickshank,,,,Trip 2 stake here on arrival. Trip 1 ppk point will do. Using 5 extendos here,,CRU_N3O,no,FIX,,4/6/2021 9:58,,Cardinal 10 m,W,2.5,,Depth,,,,445,4/6/2021 10:05,,,,,,,,Excellent,5 xtendos ,,,,,,4/6/2021 10:37
56535510,2021-04-12 10:01:11 -07:00,iPad_F38B7DE9-9E96-46F1-8A21-B55333832D55,CHRL-Warren Miller,Ac eh rw ,4/6/2021 9:57,Cruickshank,,,,Trip 2 stake here on arrival. Trip 1 ppk point will do. Using 5 extendos here,,CRU_N3O,no,FIX,,4/6/2021 10:06,,Cardinal 10 m,W,5,,Depth,,,,460,4/6/2021 10:06,,,,,,,,Excellent,,,,,,,4/6/2021 10:37
56535510,2021-04-12 10:01:11 -07:00,iPad_F38B7DE9-9E96-46F1-8A21-B55333832D55,CHRL-Warren Miller,Ac eh rw ,4/6/2021 9:57,Cruickshank,,,,Trip 2 stake here on arrival. Trip 1 ppk point will do. Using 5 extendos here,,CRU_N3O,no,FIX,,4/6/2021 10:06,,Cardinal 10 m,W,7.5,,Depth,,,,410,4/6/2021 10:06,,,,,,,,Excellent,,,,,,,4/6/2021 10:37
56535510,2021-04-12 10:01:11 -07:00,iPad_F38B7DE9-9E96-46F1-8A21-B55333832D55,CHRL-Warren Miller,Ac eh rw ,4/6/2021 9:57,Cruickshank,,,,Trip 2 stake here on arrival. Trip 1 ppk point will do. Using 5 extendos here,,CRU_N3O,no,FIX,,4/6/2021 10:06,,Cardinal 10 m,W,10,,Depth,,,,380,4/6/2021 10:07,,,,,,,,Excellent,,,,,,,4/6/2021 10:37
56535510,2021-04-12 10:01:11 -07:00,iPad_F38B7DE9-9E96-46F1-8A21-B55333832D55,CHRL-Warren Miller,Ac eh rw ,4/6/2021 9:57,Cruickshank,,,,Trip 2 stake here on arrival. Trip 1 ppk point will do. Using 5 extendos here,,CRU_N3O,no,FIX,,4/6/2021 10:08,,Cardinal 10 m,Centre,,,Density,3980,yes,1a,233,4/6/2021 10:17,225,0,4960,980,96.56652361,70.726,0.304,Excellent,,,,,,,4/6/2021 10:37
56535510,2021-04-12 10:01:11 -07:00,iPad_F38B7DE9-9E96-46F1-8A21-B55333832D55,CHRL-Warren Miller,Ac eh rw ,4/6/2021 9:57,Cruickshank,,,,Trip 2 stake here on arrival. Trip 1 ppk point will do. Using 5 extendos here,,CRU_N3O,no,FIX,,,,Cardinal 10 m,S,10,,Depth,,,,432,4/6/2021 10:10,,,,,,,,Excellent,,,,,,,4/6/2021 10:37
56535510,2021-04-12 10:01:11 -07:00,iPad_F38B7DE9-9E96-46F1-8A21-B55333832D55,CHRL-Warren Miller,Ac eh rw ,4/6/2021 9:57,Cruickshank,,,,Trip 2 stake here on arrival. Trip 1 ppk point will do. Using 5 extendos here,,CRU_N3O,no,FIX,,4/6/2021 10:10,,Cardinal 10 m,S,7.5,,Depth,,,,431,4/6/2021 10:11,,,,,,,,Excellent,,,,,,,4/6/2021 10:37
56535510,2021-04-12 10:01:11 -07:00,iPad_F38B7DE9-9E96-46F1-8A21-B55333832D55,CHRL-Warren Miller,Ac eh rw ,4/6/2021 9:57,Cruickshank,,,,Trip 2 stake here on arrival. Trip 1 ppk point will do. Using 5 extendos here,,CRU_N3O,no,FIX,,4/6/2021 10:11,,Cardinal 10 m,S,5,,Depth,,,,429,4/6/2021 10:12,,,,,,,,Excellent,,,,,,,4/6/2021 10:37
56535510,2021-04-12 10:01:11 -07:00,iPad_F38B7DE9-9E96-46F1-8A21-B55333832D55,CHRL-Warren Miller,Ac eh rw ,4/6/2021 9:57,Cruickshank,,,,Trip 2 stake here on arrival. Trip 1 ppk point will do. Using 5 extendos here,,CRU_N3O,no,FIX,,,,Cardinal 10 m,S,2.5,,Depth,,,,420,4/6/2021 10:13,,,,,,,,Excellent,,,,,,,4/6/2021 10:37
56535510,2021-04-12 10:01:11 -07:00,iPad_F38B7DE9-9E96-46F1-8A21-B55333832D55,CHRL-Warren Miller,Ac eh rw ,4/6/2021 9:57,Cruickshank,,,,Trip 2 stake here on arrival. Trip 1 ppk point will do. Using 5 extendos here,,CRU_N3O,no,FIX,,,,Cardinal 10 m,E,10,,Depth,,,,305,4/6/2021 10:15,,,,,,,,Excellent,Rock,,,,,,4/6/2021 10:37
56535510,2021-04-12 10:01:11 -07:00,iPad_F38B7DE9-9E96-46F1-8A21-B55333832D55,CHRL-Warren Miller,Ac eh rw ,4/6/2021 9:57,Cruickshank,,,,Trip 2 stake here on arrival. Trip 1 ppk point will do. Using 5 extendos here,,CRU_N3O,no,FIX,,,,Cardinal 10 m,E,7.5,,Depth,,,,350,4/6/2021 10:15,,,,,,,,Excellent,Rock,,,,,,4/6/2021 10:37
56535510,2021-04-12 10:01:11 -07:00,iPad_F38B7DE9-9E96-46F1-8A21-B55333832D55,CHRL-Warren Miller,Ac eh rw ,4/6/2021 9:57,Cruickshank,,,,Trip 2 stake here on arrival. Trip 1 ppk point will do. Using 5 extendos here,,CRU_N3O,no,FIX,,,,Cardinal 10 m,E,5,,Depth,,,,374,4/6/2021 10:16,,,,,,,,Excellent,,,,,,,4/6/2021 10:37
56535510,2021-04-12 10:01:11 -07:00,iPad_F38B7DE9-9E96-46F1-8A21-B55333832D55,CHRL-Warren Miller,Ac eh rw ,4/6/2021 9:57,Cruickshank,,,,Trip 2 stake here on arrival. Trip 1 ppk point will do. Using 5 extendos here,,CRU_N3O,no,FIX,,4/6/2021 10:16,,Cardinal 10 m,E,2.5,,Depth,,,,411,4/6/2021 10:17,,,,,,,,,,,,,,,4/6/2021 10:37
56535510,2021-04-12 10:01:11 -07:00,iPad_F38B7DE9-9E96-46F1-8A21-B55333832D55,CHRL-Warren Miller,Ac eh rw ,4/6/2021 9:57,Cruickshank,,,,Trip 2 stake here on arrival. Trip 1 ppk point will do. Using 5 extendos here,,CRU_N3O,no,FIX,,4/6/2021 10:19,,Cardinal 10 m,N,10,,Depth,,,,333,4/6/2021 10:19,,,,,,,,Excellent,,,,,,,4/6/2021 10:37
56535510,2021-04-12 10:01:11 -07:00,iPad_F38B7DE9-9E96-46F1-8A21-B55333832D55,CHRL-Warren Miller,Ac eh rw ,4/6/2021 9:57,Cruickshank,,,,Trip 2 stake here on arrival. Trip 1 ppk point will do. Using 5 extendos here,,CRU_N3O,no,FIX,,4/6/2021 10:19,,Cardinal 10 m,N,7.5,,Depth,,,,368,4/6/2021 10:22,,,,,,,,Excellent,,,,,,,4/6/2021 10:37
56535510,2021-04-12 10:01:11 -07:00,iPad_F38B7DE9-9E96-46F1-8A21-B55333832D55,CHRL-Warren Miller,Ac eh rw ,4/6/2021 9:57,Cruickshank,,,,Trip 2 stake here on arrival. Trip 1 ppk point will do. Using 5 extendos here,,CRU_N3O,no,FIX,,,,Cardinal 10 m,N,5,,Depth,,,,447,4/6/2021 10:24,,,,,,,,,,,,,,,4/6/2021 10:37
56535510,2021-04-12 10:01:11 -07:00,iPad_F38B7DE9-9E96-46F1-8A21-B55333832D55,CHRL-Warren Miller,Ac eh rw ,4/6/2021 9:57,Cruickshank,,,,Trip 2 stake here on arrival. Trip 1 ppk point will do. Using 5 extendos here,,CRU_N3O,no,FIX,,,,Cardinal 10 m,N,2.5,,Depth,,,,441,4/6/2021 10:25,,,,,,,,,,,,,,,4/6/2021 10:37
56535510,2021-04-12 10:01:11 -07:00,iPad_F38B7DE9-9E96-46F1-8A21-B55333832D55,CHRL-Warren Miller,Ac eh rw ,4/6/2021 9:57,Cruickshank,,,,Trip 2 stake here on arrival. Trip 1 ppk point will do. Using 5 extendos here,,CRU_N3O,no,FIX,,,,Cardinal 10 m,Centre,,,Density,3980,yes,1b,295,4/6/2021 10:26,80,,4530,550,27.11864407,39.693,,,,,,,,,4/6/2021 10:37
56535510,2021-04-12 10:01:11 -07:00,iPad_F38B7DE9-9E96-46F1-8A21-B55333832D55,CHRL-Warren Miller,Ac eh rw ,4/6/2021 9:57,Cruickshank,,,,Trip 2 stake here on arrival. Trip 1 ppk point will do. Using 5 extendos here,,CRU_N3O,no,FIX,,,,Cardinal 10 m,Centre,,,Density,3980,yes,1c,333,4/6/2021 10:30,48,,4310,330,14.41441441,23.816,,,,,,,,,4/6/2021 10:37
56535510,2021-04-12 10:01:11 -07:00,iPad_F38B7DE9-9E96-46F1-8A21-B55333832D55,CHRL-Warren Miller,Ac eh rw ,4/6/2021 9:57,Cruickshank,,,,Trip 2 stake here on arrival. Trip 1 ppk point will do. Using 5 extendos here,,CRU_N3O,no,FIX,,,,Cardinal 10 m,Centre,,,Density,3980,yes,1d,392,4/6/2021 10:32,75,,4350,370,19.13265306,26.703,,,,,,,,,4/6/2021 10:37
56535510,2021-04-12 10:01:11 -07:00,iPad_F38B7DE9-9E96-46F1-8A21-B55333832D55,CHRL-Warren Miller,Ac eh rw ,4/6/2021 9:57,Cruickshank,,,,Trip 2 stake here on arrival. Trip 1 ppk point will do. Using 5 extendos here,,CRU_N3O,no,FIX,,,,Cardinal 10 m,Centre,,,Density,3980,yes,1e,424,4/6/2021 10:35,40,4,4140,160,9.433962264,11.547,0.027,,,,,,,,4/6/2021 10:37
56535512,2021-04-12 10:07:38 -07:00,iPad_F38B7DE9-9E96-46F1-8A21-B55333832D55,CHRL-Warren Miller,"EH, RW, AC",4/6/2021 12:00,Cruickshank,,Septentrio,,No fix. Average from 12-1230 pm,,CRU_N1A,yes,,2,,,Cardinal 10 m,Centre,,,Density,2490,no,,223,4/6/2021 12:00,190,,2780,290,85.20179372,20.929,,,,,,,,,
56535512,2021-04-12 10:07:38 -07:00,iPad_F38B7DE9-9E96-46F1-8A21-B55333832D55,CHRL-Warren Miller,"EH, RW, AC",4/6/2021 12:00,Cruickshank,,Septentrio,,No fix. Average from 12-1230 pm,,CRU_N1A,yes,,2,,,Cardinal 10 m,N,10,,Depth,,,,133,4/6/2021 12:01,,,,,,,,Excellent,,,,,,,
56535512,2021-04-12 10:07:38 -07:00,iPad_F38B7DE9-9E96-46F1-8A21-B55333832D55,CHRL-Warren Miller,"EH, RW, AC",4/6/2021 12:00,Cruickshank,,Septentrio,,No fix. Average from 12-1230 pm,,CRU_N1A,yes,,2,,,Cardinal 10 m,N,7.5,,Depth,,,,131,4/6/2021 12:02,,,,,,,,Excellent,,,,,,,
56535512,2021-04-12 10:07:38 -07:00,iPad_F38B7DE9-9E96-46F1-8A21-B55333832D55,CHRL-Warren Miller,"EH, RW, AC",4/6/2021 12:00,Cruickshank,,Septentrio,,No fix. Average from 12-1230 pm,,CRU_N1A,yes,,2,,,Cardinal 10 m,N,5,,Depth,,,,141,4/6/2021 12:02,,,,,,,,Excellent,,,,,,,
56535512,2021-04-12 10:07:38 -07:00,iPad_F38B7DE9-9E96-46F1-8A21-B55333832D55,CHRL-Warren Miller,"EH, RW, AC",4/6/2021 12:00,Cruickshank,,Septentrio,,No fix. Average from 12-1230 pm,,CRU_N1A,yes,,2,,,Cardinal 10 m,N,2.5,,Depth,,,,191,4/6/2021 12:03,,,,,,,,Excellent,,,,,,,
56535512,2021-04-12 10:07:38 -07:00,iPad_F38B7DE9-9E96-46F1-8A21-B55333832D55,CHRL-Warren Miller,"EH, RW, AC",4/6/2021 12:00,Cruickshank,,Septentrio,,No fix. Average from 12-1230 pm,,CRU_N1A,yes,,2,,,Cardinal 10 m,N,,,Density,2490,no,,133,4/6/2021 12:04,123,0.1,2750,260,92.48120301,18.764,0.141,,,,,,,,
56535512,2021-04-12 10:07:38 -07:00,iPad_F38B7DE9-9E96-46F1-8A21-B55333832D55,CHRL-Warren Miller,"EH, RW, AC",4/6/2021 12:00,Cruickshank,,Septentrio,,No fix. Average from 12-1230 pm,,CRU_N1A,yes,,2,,,Cardinal 10 m,W,10,,Depth,,,,313,4/6/2021 12:05,,,,,,,,Excellent,Layers,,,,,,
56535512,2021-04-12 10:07:38 -07:00,iPad_F38B7DE9-9E96-46F1-8A21-B55333832D55,CHRL-Warren Miller,"EH, RW, AC",4/6/2021 12:00,Cruickshank,,Septentrio,,No fix. Average from 12-1230 pm,,CRU_N1A,yes,,2,,,Cardinal 10 m,W,7.5,,Depth,,,,319,4/6/2021 12:06,,,,,,,,Excellent,,,,,,,
56535512,2021-04-12 10:07:38 -07:00,iPad_F38B7DE9-9E96-46F1-8A21-B55333832D55,CHRL-Warren Miller,"EH, RW, AC",4/6/2021 12:00,Cruickshank,,Septentrio,,No fix. Average from 12-1230 pm,,CRU_N1A,yes,,2,,,Cardinal 10 m,W,5,,Depth,,,,302,4/6/2021 12:08,,,,,,,,,,,,,,,
56535512,2021-04-12 10:07:38 -07:00,iPad_F38B7DE9-9E96-46F1-8A21-B55333832D55,CHRL-Warren Miller,"EH, RW, AC",4/6/2021 12:00,Cruickshank,,Septentrio,,No fix. Average from 12-1230 pm,,CRU_N1A,yes,,2,,,Cardinal 10 m,W,10,,Density,2780,yes,1a,196,4/6/2021 12:09,179,,3710,930,91.32653061,67.118,,,,,,,,,
56535512,2021-04-12 10:07:38 -07:00,iPad_F38B7DE9-9E96-46F1-8A21-B55333832D55,CHRL-Warren Miller,"EH, RW, AC",4/6/2021 12:00,Cruickshank,,Septentrio,,No fix. Average from 12-1230 pm,,CRU_N1A,yes,,2,,,Cardinal 10 m,W,2.5,,Depth,,,,279,4/6/2021 12:09,,,,,,,,,,,,,,,
56535512,2021-04-12 10:07:38 -07:00,iPad_F38B7DE9-9E96-46F1-8A21-B55333832D55,CHRL-Warren Miller,"EH, RW, AC",4/6/2021 12:00,Cruickshank,,Septentrio,,No fix. Average from 12-1230 pm,,CRU_N1A,yes,,2,,,Cardinal 10 m,S,10,,Depth,,,,258,4/6/2021 12:10,,,,,,,,Excellent,,,,,,,
56535512,2021-04-12 10:07:38 -07:00,iPad_F38B7DE9-9E96-46F1-8A21-B55333832D55,CHRL-Warren Miller,"EH, RW, AC",4/6/2021 12:00,Cruickshank,,Septentrio,,No fix. Average from 12-1230 pm,,CRU_N1A,yes,,2,4/6/2021 12:11,,Cardinal 10 m,S,7.5,,Depth,,,,280,4/6/2021 12:11,,,,,,,,Excellent,,,,,,,
56535512,2021-04-12 10:07:38 -07:00,iPad_F38B7DE9-9E96-46F1-8A21-B55333832D55,CHRL-Warren Miller,"EH, RW, AC",4/6/2021 12:00,Cruickshank,,Septentrio,,No fix. Average from 12-1230 pm,,CRU_N1A,yes,,2,,,Cardinal 10 m,S,5,,Depth,,,,248,4/6/2021 12:12,,,,,,,,Excellent,,,,,,,
56535512,2021-04-12 10:07:38 -07:00,iPad_F38B7DE9-9E96-46F1-8A21-B55333832D55,CHRL-Warren Miller,"EH, RW, AC",4/6/2021 12:00,Cruickshank,,Septentrio,,No fix. Average from 12-1230 pm,,CRU_N1A,yes,,2,,,Cardinal 10 m,W,10,,Density,2780,yes,1b,265,4/6/2021 12:13,75,,3310,530,28.30188679,38.25,,Excellent,,,,,,,
56535512,2021-04-12 10:07:38 -07:00,iPad_F38B7DE9-9E96-46F1-8A21-B55333832D55,CHRL-Warren Miller,"EH, RW, AC",4/6/2021 12:00,Cruickshank,,Septentrio,,No fix. Average from 12-1230 pm,,CRU_N1A,yes,,2,,,Cardinal 10 m,S,2.5,,Depth,,,,241,4/6/2021 12:12,,,,,,,,Excellent,,,,,,,
56535512,2021-04-12 10:07:38 -07:00,iPad_F38B7DE9-9E96-46F1-8A21-B55333832D55,CHRL-Warren Miller,"EH, RW, AC",4/6/2021 12:00,Cruickshank,,Septentrio,,No fix. Average from 12-1230 pm,,CRU_N1A,yes,,2,,,Cardinal 10 m,E,10,,Depth,,,,275,4/6/2021 12:14,,,,,,,,Excellent,,,,,,,
56535512,2021-04-12 10:07:38 -07:00,iPad_F38B7DE9-9E96-46F1-8A21-B55333832D55,CHRL-Warren Miller,"EH, RW, AC",4/6/2021 12:00,Cruickshank,,Septentrio,,No fix. Average from 12-1230 pm,,CRU_N1A,yes,,2,,,Cardinal 10 m,E,7.5,,Depth,,,,260,4/6/2021 12:14,,,,,,,,Excellent,,,,,,,
56535512,2021-04-12 10:07:38 -07:00,iPad_F38B7DE9-9E96-46F1-8A21-B55333832D55,CHRL-Warren Miller,"EH, RW, AC",4/6/2021 12:00,Cruickshank,,Septentrio,,No fix. Average from 12-1230 pm,,CRU_N1A,yes,,2,,,Cardinal 10 m,E,5,,Depth,,,,206,4/6/2021 12:15,,,,,,,,Excellent,,,,,,,
56535512,2021-04-12 10:07:38 -07:00,iPad_F38B7DE9-9E96-46F1-8A21-B55333832D55,CHRL-Warren Miller,"EH, RW, AC",4/6/2021 12:00,Cruickshank,,Septentrio,,No fix. Average from 12-1230 pm,,CRU_N1A,yes,,2,,,Cardinal 10 m,E,2.5,,Depth,,,,209,4/6/2021 12:15,,,,,,,,Excellent,,,,,,,
56535512,2021-04-12 10:07:38 -07:00,iPad_F38B7DE9-9E96-46F1-8A21-B55333832D55,CHRL-Warren Miller,"EH, RW, AC",4/6/2021 12:00,Cruickshank,,Septentrio,,No fix. Average from 12-1230 pm,,CRU_N1A,yes,,2,,,Cardinal 10 m,W,,,Density,2780,yes,1c,310,4/6/2021 12:16,51,,3100,320,16.4516129,23.094,,Excellent,On rock,,,,,,
56535512,2021-04-12 10:07:38 -07:00,iPad_F38B7DE9-9E96-46F1-8A21-B55333832D55,CHRL-Warren Miller,"EH, RW, AC",4/6/2021 12:00,Cruickshank,,Septentrio,,No fix. Average from 12-1230 pm,,CRU_N1A,yes,,2,,,Cardinal 10 m,S,10,,Density,2780,no,,255,4/6/2021 12:20,247,,4250,1470,96.8627451,106.09,,Excellent,,,,,,,
56535512,2021-04-12 10:07:38 -07:00,iPad_F38B7DE9-9E96-46F1-8A21-B55333832D55,CHRL-Warren Miller,"EH, RW, AC",4/6/2021 12:00,Cruickshank,,Septentrio,,No fix. Average from 12-1230 pm,,CRU_N1A,yes,,2,,,Cardinal 10 m,E,10,,Density,2780,no,,282,4/6/2021 12:23,265,2,4320,1540,93.97163121,111.141,0.397,Excellent,,,,,,,
56536058,2021-04-12 10:39:01 -07:00,iPad_F38B7DE9-9E96-46F1-8A21-B55333832D55,CHRL-Warren Miller,"AC, RW, EH",4/7/2021 10:35,Cruickshank,,Septentrio,,,,CRU_E5O,yes,FIX,2,,,Cardinal 10 m,N,10,,Depth,,,,314,4/7/2021 10:36,,,,,,,,Excellent,,,,,,,4/7/2021 11:12
56536058,2021-04-12 10:39:01 -07:00,iPad_F38B7DE9-9E96-46F1-8A21-B55333832D55,CHRL-Warren Miller,"AC, RW, EH",4/7/2021 10:35,Cruickshank,,Septentrio,,,,CRU_E5O,yes,FIX,2,,,Cardinal 10 m,N,7.5,,Depth,,,,356,4/7/2021 10:37,,,,,,,,Excellent,,,,,,,4/7/2021 11:12
56536058,2021-04-12 10:39:01 -07:00,iPad_F38B7DE9-9E96-46F1-8A21-B55333832D55,CHRL-Warren Miller,"AC, RW, EH",4/7/2021 10:35,Cruickshank,,Septentrio,,,,CRU_E5O,yes,FIX,2,,,Cardinal 10 m,N,5,,Depth,,,,385,4/7/2021 10:38,,,,,,,,Excellent,,,,,,,4/7/2021 11:12
56536058,2021-04-12 10:39:01 -07:00,iPad_F38B7DE9-9E96-46F1-8A21-B55333832D55,CHRL-Warren Miller,"AC, RW, EH",4/7/2021 10:35,Cruickshank,,Septentrio,,,,CRU_E5O,yes,FIX,2,,,Cardinal 10 m,N,2.5,,Depth,,,,416,4/7/2021 10:41,,,,,,,,Excellent,,,,,,,4/7/2021 11:12
56536058,2021-04-12 10:39:01 -07:00,iPad_F38B7DE9-9E96-46F1-8A21-B55333832D55,CHRL-Warren Miller,"AC, RW, EH",4/7/2021 10:35,Cruickshank,,Septentrio,,,,CRU_E5O,yes,FIX,2,,,Cardinal 10 m,Centre,,,Density,3460,yes,1a,317,4/7/2021 10:45,302,,4920,1460,95.2681388,105.368,,Excellent,,,,,,,4/7/2021 11:12
56536058,2021-04-12 10:39:01 -07:00,iPad_F38B7DE9-9E96-46F1-8A21-B55333832D55,CHRL-Warren Miller,"AC, RW, EH",4/7/2021 10:35,Cruickshank,,Septentrio,,,,CRU_E5O,yes,FIX,2,,,Cardinal 10 m,W,10,,Depth,,,,378,4/7/2021 10:45,,,,,,,,Excellent,,,,,,,4/7/2021 11:12
56536058,2021-04-12 10:39:01 -07:00,iPad_F38B7DE9-9E96-46F1-8A21-B55333832D55,CHRL-Warren Miller,"AC, RW, EH",4/7/2021 10:35,Cruickshank,,Septentrio,,,,CRU_E5O,yes,FIX,2,,,Cardinal 10 m,W,7.5,,Depth,,,,366,4/7/2021 10:45,,,,,,,,Excellent,,,,,,,4/7/2021 11:12
56536058,2021-04-12 10:39:01 -07:00,iPad_F38B7DE9-9E96-46F1-8A21-B55333832D55,CHRL-Warren Miller,"AC, RW, EH",4/7/2021 10:35,Cruickshank,,Septentrio,,,,CRU_E5O,yes,FIX,2,,,Cardinal 10 m,W,5,,Depth,,,,344,4/7/2021 10:46,,,,,,,,Excellent,,,,,,,4/7/2021 11:12
56536058,2021-04-12 10:39:01 -07:00,iPad_F38B7DE9-9E96-46F1-8A21-B55333832D55,CHRL-Warren Miller,"AC, RW, EH",4/7/2021 10:35,Cruickshank,,Septentrio,,,,CRU_E5O,yes,FIX,2,,,Cardinal 10 m,W,2.5,,Depth,,,,370,4/7/2021 10:48,,,,,,,,Excellent,,,,,,,4/7/2021 11:12
56536058,2021-04-12 10:39:01 -07:00,iPad_F38B7DE9-9E96-46F1-8A21-B55333832D55,CHRL-Warren Miller,"AC, RW, EH",4/7/2021 10:35,Cruickshank,,Septentrio,,,,CRU_E5O,yes,FIX,2,,,Cardinal 10 m,Centre,,,Density,3460,yes,1b,327,4/7/2021 10:51,6,,3480,20,1.834862385,1.443,,Excellent,Hit a tree,,,,,,4/7/2021 11:12
56536058,2021-04-12 10:39:01 -07:00,iPad_F38B7DE9-9E96-46F1-8A21-B55333832D55,CHRL-Warren Miller,"AC, RW, EH",4/7/2021 10:35,Cruickshank,,Septentrio,,,,CRU_E5O,yes,FIX,2,,,Cardinal 10 m,E,10,,Depth,,,,372,4/7/2021 10:54,,,,,,,,Excellent,,,,,,,4/7/2021 11:12
56536058,2021-04-12 10:39:01 -07:00,iPad_F38B7DE9-9E96-46F1-8A21-B55333832D55,CHRL-Warren Miller,"AC, RW, EH",4/7/2021 10:35,Cruickshank,,Septentrio,,,,CRU_E5O,yes,FIX,2,,,Cardinal 10 m,E,7.5,,Depth,,,,397,4/7/2021 10:55,,,,,,,,Excellent,,,,,,,4/7/2021 11:12
56536058,2021-04-12 10:39:01 -07:00,iPad_F38B7DE9-9E96-46F1-8A21-B55333832D55,CHRL-Warren Miller,"AC, RW, EH",4/7/2021 10:35,Cruickshank,,Septentrio,,,,CRU_E5O,yes,FIX,2,,,Cardinal 10 m,E,5,,Depth,,,,367,4/7/2021 10:55,,,,,,,,Excellent,,,,,,,4/7/2021 11:12
56536058,2021-04-12 10:39:01 -07:00,iPad_F38B7DE9-9E96-46F1-8A21-B55333832D55,CHRL-Warren Miller,"AC, RW, EH",4/7/2021 10:35,Cruickshank,,Septentrio,,,,CRU_E5O,yes,FIX,2,,,Cardinal 10 m,E,2.5,,Depth,,,,388,4/7/2021 10:59,,,,,,,,Excellent,,,,,,,4/7/2021 11:12
56536058,2021-04-12 10:39:01 -07:00,iPad_F38B7DE9-9E96-46F1-8A21-B55333832D55,CHRL-Warren Miller,"AC, RW, EH",4/7/2021 10:35,Cruickshank,,Septentrio,,,,CRU_E5O,yes,FIX,2,,,Cardinal 10 m,N,10,,Density,3460,no,,300,4/7/2021 10:57,264,3,4930,1470,88,106.09,0.357,,,,,,,,4/7/2021 11:12
56536058,2021-04-12 10:39:01 -07:00,iPad_F38B7DE9-9E96-46F1-8A21-B55333832D55,CHRL-Warren Miller,"AC, RW, EH",4/7/2021 10:35,Cruickshank,,Septentrio,,,,CRU_E5O,yes,FIX,2,,,Cardinal 10 m,S,10,,Depth,,,,321,4/7/2021 11:03,,,,,,,,Excellent,,,,,,,4/7/2021 11:12
56536058,2021-04-12 10:39:01 -07:00,iPad_F38B7DE9-9E96-46F1-8A21-B55333832D55,CHRL-Warren Miller,"AC, RW, EH",4/7/2021 10:35,Cruickshank,,Septentrio,,,,CRU_E5O,yes,FIX,2,,,Cardinal 10 m,S,10,,Density,3460,no,,340,4/7/2021 11:03,305,3,5000,1540,89.70588235,111.141,0.33,Excellent,,,,,,,4/7/2021 11:12
56536058,2021-04-12 10:39:01 -07:00,iPad_F38B7DE9-9E96-46F1-8A21-B55333832D55,CHRL-Warren Miller,"AC, RW, EH",4/7/2021 10:35,Cruickshank,,Septentrio,,,,CRU_E5O,yes,FIX,2,,,Cardinal 10 m,S,7.5,,Depth,,,,265,4/7/2021 11:05,,,,,,,,Excellent,,,,,,,4/7/2021 11:12
56536058,2021-04-12 10:39:01 -07:00,iPad_F38B7DE9-9E96-46F1-8A21-B55333832D55,CHRL-Warren Miller,"AC, RW, EH",4/7/2021 10:35,Cruickshank,,Septentrio,,,,CRU_E5O,yes,FIX,2,,,Cardinal 10 m,S,5,,Depth,,,,266,4/7/2021 11:06,,,,,,,,Excellent,,,,,,,4/7/2021 11:12
56536058,2021-04-12 10:39:01 -07:00,iPad_F38B7DE9-9E96-46F1-8A21-B55333832D55,CHRL-Warren Miller,"AC, RW, EH",4/7/2021 10:35,Cruickshank,,Septentrio,,,,CRU_E5O,yes,FIX,2,,,Cardinal 10 m,S,2.5,,Depth,,,,320,4/7/2021 11:07,,,,,,,,Excellent,,,,,,,4/7/2021 11:12
56536058,2021-04-12 10:39:01 -07:00,iPad_F38B7DE9-9E96-46F1-8A21-B55333832D55,CHRL-Warren Miller,"AC, RW, EH",4/7/2021 10:35,Cruickshank,,Septentrio,,,,CRU_E5O,yes,FIX,2,,,Cardinal 10 m,E,10,,Density,3460,yes,1a,357,4/7/2021 11:08,319,,5300,1840,89.3557423,132.792,,Excellent,,,,,,,4/7/2021 11:12
56536058,2021-04-12 10:39:01 -07:00,iPad_F38B7DE9-9E96-46F1-8A21-B55333832D55,CHRL-Warren Miller,"AC, RW, EH",4/7/2021 10:35,Cruickshank,,Septentrio,,,,CRU_E5O,yes,FIX,2,,,Cardinal 30 m,E,10,,Density,3460,yes,1b,365,4/7/2021 11:11,11,0.5,3510,50,3.01369863,3.608,0.01,Excellent,,,,,,,4/7/2021 11:12
56536314,2021-04-12 10:45:32 -07:00,iPad_F38B7DE9-9E96-46F1-8A21-B55333832D55,CHRL-Warren Miller,RW AC EH,4/7/2021 11:59,Cruickshank,,Septentrio,,2 cm fresh. Burnt tinge in the air. Centre on odd shape tree.  ,,CRU_E5F,yes,FIX,2,,,Cardinal 10 m,Centre,,,Density,2990,yes,1a,297,4/7/2021 12:01,275,0,4370,1380,92.59259259,99.594,0.335,,Outer limit of tree well,https://drive.google.com/uc?id=1QI29AXgePy005ftbQCCwNilAHILLVtuB,,,,,
56536314,2021-04-12 10:45:32 -07:00,iPad_F38B7DE9-9E96-46F1-8A21-B55333832D55,CHRL-Warren Miller,RW AC EH,4/7/2021 11:59,Cruickshank,,Septentrio,,2 cm fresh. Burnt tinge in the air. Centre on odd shape tree.  ,,CRU_E5F,yes,FIX,2,,,Cardinal 10 m,Centre,,,Density,2990,yes,1b,315,4/7/2021 12:03,22,5,3050,60,6.984126984,4.33,0.014,,,,,,,,
56536314,2021-04-12 10:45:32 -07:00,iPad_F38B7DE9-9E96-46F1-8A21-B55333832D55,CHRL-Warren Miller,RW AC EH,4/7/2021 11:59,Cruickshank,,Septentrio,,2 cm fresh. Burnt tinge in the air. Centre on odd shape tree.  ,,CRU_E5F,yes,FIX,2,,,Cardinal 10 m,S,10,,Depth,,,,352,4/7/2021 12:09,,,,,,,,Good,,,,,,,
56536314,2021-04-12 10:45:32 -07:00,iPad_F38B7DE9-9E96-46F1-8A21-B55333832D55,CHRL-Warren Miller,RW AC EH,4/7/2021 11:59,Cruickshank,,Septentrio,,2 cm fresh. Burnt tinge in the air. Centre on odd shape tree.  ,,CRU_E5F,yes,FIX,2,,,Cardinal 10 m,S,7.5,,Depth,,,,353,4/7/2021 12:13,,,,,,,,,,,,,,,
56536314,2021-04-12 10:45:32 -07:00,iPad_F38B7DE9-9E96-46F1-8A21-B55333832D55,CHRL-Warren Miller,RW AC EH,4/7/2021 11:59,Cruickshank,,Septentrio,,2 cm fresh. Burnt tinge in the air. Centre on odd shape tree.  ,,CRU_E5F,yes,FIX,2,,,Cardinal 10 m,S,10,,Density,2990,no,,295,4/7/2021 12:11,276,0,4180,1190,93.55932203,85.882,0.291,Excellent,,,,,,,
56536314,2021-04-12 10:45:32 -07:00,iPad_F38B7DE9-9E96-46F1-8A21-B55333832D55,CHRL-Warren Miller,RW AC EH,4/7/2021 11:59,Cruickshank,,Septentrio,,2 cm fresh. Burnt tinge in the air. Centre on odd shape tree.  ,,CRU_E5F,yes,FIX,2,4/7/2021 12:13,,Cardinal 10 m,S,10,,Density,2990,no,,330,4/7/2021 12:13,61,2,3300,310,18.48484848,22.373,0.068,Excellent,,,,,,,
56536314,2021-04-12 10:45:32 -07:00,iPad_F38B7DE9-9E96-46F1-8A21-B55333832D55,CHRL-Warren Miller,RW AC EH,4/7/2021 11:59,Cruickshank,,Septentrio,,2 cm fresh. Burnt tinge in the air. Centre on odd shape tree.  ,,CRU_E5F,yes,FIX,2,,,Cardinal 10 m,S,5,,Depth,,,,374,4/7/2021 12:14,,,,,,,,Excellent,,,,,,,
56536314,2021-04-12 10:45:32 -07:00,iPad_F38B7DE9-9E96-46F1-8A21-B55333832D55,CHRL-Warren Miller,RW AC EH,4/7/2021 11:59,Cruickshank,,Septentrio,,2 cm fresh. Burnt tinge in the air. Centre on odd shape tree.  ,,CRU_E5F,yes,FIX,2,4/7/2021 12:14,,Cardinal 10 m,S,2.5,,Depth,,,,344,4/7/2021 12:15,,,,,,,,Excellent,,,,,,,
56536314,2021-04-12 10:45:32 -07:00,iPad_F38B7DE9-9E96-46F1-8A21-B55333832D55,CHRL-Warren Miller,RW AC EH,4/7/2021 11:59,Cruickshank,,Septentrio,,2 cm fresh. Burnt tinge in the air. Centre on odd shape tree.  ,,CRU_E5F,yes,FIX,2,,,Cardinal 10 m,N,10,,Depth,,,,318,4/7/2021 12:18,,,,,,,,Excellent,North transect under large crown up 30ndeg hill,,,,,,
56536314,2021-04-12 10:45:32 -07:00,iPad_F38B7DE9-9E96-46F1-8A21-B55333832D55,CHRL-Warren Miller,RW AC EH,4/7/2021 11:59,Cruickshank,,Septentrio,,2 cm fresh. Burnt tinge in the air. Centre on odd shape tree.  ,,CRU_E5F,yes,FIX,2,,,Cardinal 10 m,N,7.5,,Depth,,,,264,4/7/2021 12:19,,,,,,,,Excellent,Edge t well,,,,,,
56536314,2021-04-12 10:45:32 -07:00,iPad_F38B7DE9-9E96-46F1-8A21-B55333832D55,CHRL-Warren Miller,RW AC EH,4/7/2021 11:59,Cruickshank,,Septentrio,,2 cm fresh. Burnt tinge in the air. Centre on odd shape tree.  ,,CRU_E5F,yes,FIX,2,,,Cardinal 10 m,N,5,,Depth,,,,194,4/7/2021 12:19,,,,,,,,Excellent,25 cm from t trunk,,,,,,
56536314,2021-04-12 10:45:32 -07:00,iPad_F38B7DE9-9E96-46F1-8A21-B55333832D55,CHRL-Warren Miller,RW AC EH,4/7/2021 11:59,Cruickshank,,Septentrio,,2 cm fresh. Burnt tinge in the air. Centre on odd shape tree.  ,,CRU_E5F,yes,FIX,2,,,Cardinal 10 m,N,10,,Density,2990,no,,305,4/7/2021 12:20,258,0,4250,1260,84.59016393,90.934,0.298,,,,,,,,
56536314,2021-04-12 10:45:32 -07:00,iPad_F38B7DE9-9E96-46F1-8A21-B55333832D55,CHRL-Warren Miller,RW AC EH,4/7/2021 11:59,Cruickshank,,Septentrio,,2 cm fresh. Burnt tinge in the air. Centre on odd shape tree.  ,,CRU_E5F,yes,FIX,2,,,Cardinal 10 m,N,2.5,,Depth,,,,239,4/7/2021 12:20,,,,,,,,Excellent,,https://drive.google.com/uc?id=19-6zbZ7ruxslnkZkmoNz1B3tzNkSTM23,,,,,
56536314,2021-04-12 10:45:32 -07:00,iPad_F38B7DE9-9E96-46F1-8A21-B55333832D55,CHRL-Warren Miller,RW AC EH,4/7/2021 11:59,Cruickshank,,Septentrio,,2 cm fresh. Burnt tinge in the air. Centre on odd shape tree.  ,,CRU_E5F,yes,FIX,2,,,Cardinal 10 m,N,10,,Density,2990,no,,309,4/7/2021 12:24,29,6,3140,150,9.385113269,10.825,0.036,,,,,,,,
56536314,2021-04-12 10:45:32 -07:00,iPad_F38B7DE9-9E96-46F1-8A21-B55333832D55,CHRL-Warren Miller,RW AC EH,4/7/2021 11:59,Cruickshank,,Septentrio,,2 cm fresh. Burnt tinge in the air. Centre on odd shape tree.  ,,CRU_E5F,yes,FIX,2,,,Cardinal 10 m,W,10,,Density,2990,no,,295,4/7/2021 12:29,280,0,4260,1270,94.91525424,91.656,0.311,Excellent,,,,,,,
56536314,2021-04-12 10:45:32 -07:00,iPad_F38B7DE9-9E96-46F1-8A21-B55333832D55,CHRL-Warren Miller,RW AC EH,4/7/2021 11:59,Cruickshank,,Septentrio,,2 cm fresh. Burnt tinge in the air. Centre on odd shape tree.  ,,CRU_E5F,yes,FIX,2,,,Cardinal 10 m,W,7.5,,Depth,,,,311,4/7/2021 12:31,,,,,,,,,,,,,,,
56536314,2021-04-12 10:45:32 -07:00,iPad_F38B7DE9-9E96-46F1-8A21-B55333832D55,CHRL-Warren Miller,RW AC EH,4/7/2021 11:59,Cruickshank,,Septentrio,,2 cm fresh. Burnt tinge in the air. Centre on odd shape tree.  ,,CRU_E5F,yes,FIX,2,,,Cardinal 10 m,W,10,,Density,2990,no,,303,4/7/2021 12:31,21,3,3090,100,6.930693069,7.217,0.024,Excellent,,,,,,,
56536314,2021-04-12 10:45:32 -07:00,iPad_F38B7DE9-9E96-46F1-8A21-B55333832D55,CHRL-Warren Miller,RW AC EH,4/7/2021 11:59,Cruickshank,,Septentrio,,2 cm fresh. Burnt tinge in the air. Centre on odd shape tree.  ,,CRU_E5F,yes,FIX,2,,,Cardinal 10 m,W,5,,Depth,,,,344,4/7/2021 12:32,,,,,,,,Excellent,,,,,,,
56536314,2021-04-12 10:45:32 -07:00,iPad_F38B7DE9-9E96-46F1-8A21-B55333832D55,CHRL-Warren Miller,RW AC EH,4/7/2021 11:59,Cruickshank,,Septentrio,,2 cm fresh. Burnt tinge in the air. Centre on odd shape tree.  ,,CRU_E5F,yes,FIX,2,,,Cardinal 10 m,W,2.5,,Depth,,,,346,4/7/2021 12:33,,,,,,,,Excellent,,,,,,,
56536314,2021-04-12 10:45:32 -07:00,iPad_F38B7DE9-9E96-46F1-8A21-B55333832D55,CHRL-Warren Miller,RW AC EH,4/7/2021 11:59,Cruickshank,,Septentrio,,2 cm fresh. Burnt tinge in the air. Centre on odd shape tree.  ,,CRU_E5F,yes,FIX,2,4/7/2021 12:37,,Cardinal 10 m,E,10,,Density,2990,no,,314,4/7/2021 12:38,298,1,4400,1410,94.9044586,101.759,0.325,Excellent,,,,,,,
56536314,2021-04-12 10:45:32 -07:00,iPad_F38B7DE9-9E96-46F1-8A21-B55333832D55,CHRL-Warren Miller,RW AC EH,4/7/2021 11:59,Cruickshank,,Septentrio,,2 cm fresh. Burnt tinge in the air. Centre on odd shape tree.  ,,CRU_E5F,yes,FIX,2,,,Cardinal 10 m,E,7.5,,Depth,,,,320,4/7/2021 12:38,,,,,,,,,,,,,,,
56536314,2021-04-12 10:45:32 -07:00,iPad_F38B7DE9-9E96-46F1-8A21-B55333832D55,CHRL-Warren Miller,RW AC EH,4/7/2021 11:59,Cruickshank,,Septentrio,,2 cm fresh. Burnt tinge in the air. Centre on odd shape tree.  ,,CRU_E5F,yes,FIX,2,,,Cardinal 10 m,E,5,,Depth,,,,315,4/7/2021 12:39,,,,,,,,,,,,,,,
56536314,2021-04-12 10:45:32 -07:00,iPad_F38B7DE9-9E96-46F1-8A21-B55333832D55,CHRL-Warren Miller,RW AC EH,4/7/2021 11:59,Cruickshank,,Septentrio,,2 cm fresh. Burnt tinge in the air. Centre on odd shape tree.  ,,CRU_E5F,yes,FIX,2,,,Cardinal 10 m,E,2.5,,Depth,,,,384,4/7/2021 12:40,,,,,,,,Excellent,,,,,,,
56535518,2021-04-07 12:37:01 -07:00,iPad_F38B7DE9-9E96-46F1-8A21-B55333832D55,CHRL-Warren Miller,Ac rw eh,4/7/2021 11:35,Cruickshank,,Septentrio,,Revisit cam 1 to gnss ,,CRU_CAM1,yes,FLOAT,2,,,Camera + Snow Stakes,,,,Depth,,,,270,4/7/2021 12:36,,,,,,,,,1,,,,,,
56535518,2021-04-07 12:37:01 -07:00,iPad_F38B7DE9-9E96-46F1-8A21-B55333832D55,CHRL-Warren Miller,Ac rw eh,4/7/2021 11:35,Cruickshank,,Septentrio,,Revisit cam 1 to gnss ,,CRU_CAM1,yes,FLOAT,2,,,Camera + Snow Stakes,,,,Depth,,,,273,4/7/2021 12:36,,,,,,,,,2,,,,,,
56535518,2021-04-07 12:37:01 -07:00,iPad_F38B7DE9-9E96-46F1-8A21-B55333832D55,CHRL-Warren Miller,Ac rw eh,4/7/2021 11:35,Cruickshank,,Septentrio,,Revisit cam 1 to gnss ,,CRU_CAM1,yes,FLOAT,2,,,Camera + Snow Stakes,,,,Depth,,,,281,4/7/2021 12:36,,,,,,,,,3,,,,,,
56535518,2021-04-07 12:37:01 -07:00,iPad_F38B7DE9-9E96-46F1-8A21-B55333832D55,CHRL-Warren Miller,Ac rw eh,4/7/2021 11:35,Cruickshank,,Septentrio,,Revisit cam 1 to gnss ,,CRU_CAM1,yes,FLOAT,2,,,Camera + Snow Stakes,,,,Depth,,,,252,4/7/2021 12:36,,,,,,,,,4,,,,,,
56535518,2021-04-07 12:37:01 -07:00,iPad_F38B7DE9-9E96-46F1-8A21-B55333832D55,CHRL-Warren Miller,Ac rw eh,4/7/2021 11:35,Cruickshank,,Septentrio,,Revisit cam 1 to gnss ,,CRU_CAM1,yes,FLOAT,2,,,Camera + Snow Stakes,,,,Depth,,,,319,4/7/2021 12:36,,,,,,,,,5,,,,,,
56535521,2021-04-12 10:15:23 -07:00,iPad_F38B7DE9-9E96-46F1-8A21-B55333832D55,CHRL-Warren Miller,"EH, RW, AC",4/6/2021 15:31,Cruickshank,,,,Revisit gnssd stake still here on arrival ,,CRU_E3S,no,,,,,Cardinal 10 m,Centre,,,Density,2160,yes,1a,270,4/6/2021 15:32,268,,4100,1940,99.25925926,140.009,,Excellent,,,,,,,
56535521,2021-04-12 10:15:23 -07:00,iPad_F38B7DE9-9E96-46F1-8A21-B55333832D55,CHRL-Warren Miller,"EH, RW, AC",4/6/2021 15:31,Cruickshank,,,,Revisit gnssd stake still here on arrival ,,CRU_E3S,no,,,,,Cardinal 10 m,Centre,,,Depth,,,,320,4/6/2021 15:32,,,,,,,,Excellent,,,,,,,
56535521,2021-04-12 10:15:23 -07:00,iPad_F38B7DE9-9E96-46F1-8A21-B55333832D55,CHRL-Warren Miller,"EH, RW, AC",4/6/2021 15:31,Cruickshank,,,,Revisit gnssd stake still here on arrival ,,CRU_E3S,no,,,,,Cardinal 10 m,Centre,,,Density,2160,yes,1b,278,4/6/2021 15:40,22,,3130,970,7.913669065,70.005,,Excellent,,,,,,,
56535521,2021-04-12 10:15:23 -07:00,iPad_F38B7DE9-9E96-46F1-8A21-B55333832D55,CHRL-Warren Miller,"EH, RW, AC",4/6/2021 15:31,Cruickshank,,,,Revisit gnssd stake still here on arrival ,,CRU_E3S,no,,,,,Cardinal 10 m,N,10,,Depth,,,,277,4/6/2021 15:38,,,,,,,,Excellent,,,,,,,
56535521,2021-04-12 10:15:23 -07:00,iPad_F38B7DE9-9E96-46F1-8A21-B55333832D55,CHRL-Warren Miller,"EH, RW, AC",4/6/2021 15:31,Cruickshank,,,,Revisit gnssd stake still here on arrival ,,CRU_E3S,no,,,,,Cardinal 10 m,N,7.5,,Depth,,,,311,4/6/2021 15:38,,,,,,,,Excellent,,,,,,,
56535521,2021-04-12 10:15:23 -07:00,iPad_F38B7DE9-9E96-46F1-8A21-B55333832D55,CHRL-Warren Miller,"EH, RW, AC",4/6/2021 15:31,Cruickshank,,,,Revisit gnssd stake still here on arrival ,,CRU_E3S,no,,,,,Cardinal 10 m,N,5,,Depth,,,,259,4/6/2021 15:38,,,,,,,,Excellent,,,,,,,
56535521,2021-04-12 10:15:23 -07:00,iPad_F38B7DE9-9E96-46F1-8A21-B55333832D55,CHRL-Warren Miller,"EH, RW, AC",4/6/2021 15:31,Cruickshank,,,,Revisit gnssd stake still here on arrival ,,CRU_E3S,no,,,,,Cardinal 10 m,N,2.5,,Depth,,,,302,4/6/2021 15:39,,,,,,,,Excellent,,,,,,,
56535521,2021-04-12 10:15:23 -07:00,iPad_F38B7DE9-9E96-46F1-8A21-B55333832D55,CHRL-Warren Miller,"EH, RW, AC",4/6/2021 15:31,Cruickshank,,,,Revisit gnssd stake still here on arrival ,,CRU_E3S,no,,,,,Cardinal 10 m,Centre,,,Density,2160,yes,1c,298,4/6/2021 15:40,16,,2990,830,5.369127517,59.901,,,,,,,,,
56535521,2021-04-12 10:15:23 -07:00,iPad_F38B7DE9-9E96-46F1-8A21-B55333832D55,CHRL-Warren Miller,"EH, RW, AC",4/6/2021 15:31,Cruickshank,,,,Revisit gnssd stake still here on arrival ,,CRU_E3S,no,,,,,Cardinal 10 m,S,10,,Depth,,,,384,4/6/2021 15:48,,,,,,,,Excellent,,,,,,,
56535521,2021-04-12 10:15:23 -07:00,iPad_F38B7DE9-9E96-46F1-8A21-B55333832D55,CHRL-Warren Miller,"EH, RW, AC",4/6/2021 15:31,Cruickshank,,,,Revisit gnssd stake still here on arrival ,,CRU_E3S,no,,,,,Cardinal 10 m,S,7.5,,Depth,,,,322,4/6/2021 15:48,,,,,,,,Excellent,,,,,,,
56535521,2021-04-12 10:15:23 -07:00,iPad_F38B7DE9-9E96-46F1-8A21-B55333832D55,CHRL-Warren Miller,"EH, RW, AC",4/6/2021 15:31,Cruickshank,,,,Revisit gnssd stake still here on arrival ,,CRU_E3S,no,,,,,Cardinal 10 m,S,5,,Depth,,,,373,4/6/2021 15:49,,,,,,,,Excellent,,,,,,,
56535521,2021-04-12 10:15:23 -07:00,iPad_F38B7DE9-9E96-46F1-8A21-B55333832D55,CHRL-Warren Miller,"EH, RW, AC",4/6/2021 15:31,Cruickshank,,,,Revisit gnssd stake still here on arrival ,,CRU_E3S,no,,,,,Cardinal 10 m,N,10,,Density,3480,no,,263,4/6/2021 15:50,243,,4240,760,92.39543726,54.849,,Excellent,Feels like ground,,,,,,
56535521,2021-04-12 10:15:23 -07:00,iPad_F38B7DE9-9E96-46F1-8A21-B55333832D55,CHRL-Warren Miller,"EH, RW, AC",4/6/2021 15:31,Cruickshank,,,,Revisit gnssd stake still here on arrival ,,CRU_E3S,no,,,,,Cardinal 10 m,S,2.5,,Depth,,,,346,4/6/2021 15:50,,,,,,,,,,,,,,,
56535521,2021-04-12 10:15:23 -07:00,iPad_F38B7DE9-9E96-46F1-8A21-B55333832D55,CHRL-Warren Miller,"EH, RW, AC",4/6/2021 15:31,Cruickshank,,,,Revisit gnssd stake still here on arrival ,,CRU_E3S,no,,,,,Cardinal 10 m,E,10,,Depth,,,,302,4/6/2021 15:52,,,,,,,,Excellent,,,,,,,
56535521,2021-04-12 10:15:23 -07:00,iPad_F38B7DE9-9E96-46F1-8A21-B55333832D55,CHRL-Warren Miller,"EH, RW, AC",4/6/2021 15:31,Cruickshank,,,,Revisit gnssd stake still here on arrival ,,CRU_E3S,no,,,,,Cardinal 10 m,E,7.5,,Depth,,,,324,4/6/2021 15:52,,,,,,,,Excellent,,,,,,,
56535521,2021-04-12 10:15:23 -07:00,iPad_F38B7DE9-9E96-46F1-8A21-B55333832D55,CHRL-Warren Miller,"EH, RW, AC",4/6/2021 15:31,Cruickshank,,,,Revisit gnssd stake still here on arrival ,,CRU_E3S,no,,,,,Cardinal 10 m,E,5,,Depth,,,,289,4/6/2021 15:52,,,,,,,,Excellent,Under tree,,,,,,
56535521,2021-04-12 10:15:23 -07:00,iPad_F38B7DE9-9E96-46F1-8A21-B55333832D55,CHRL-Warren Miller,"EH, RW, AC",4/6/2021 15:31,Cruickshank,,,,Revisit gnssd stake still here on arrival ,,CRU_E3S,no,,,,,Cardinal 10 m,E,2.5,,Depth,,,,296,4/6/2021 15:53,,,,,,,,Excellent,,,,,,,
56535521,2021-04-12 10:15:23 -07:00,iPad_F38B7DE9-9E96-46F1-8A21-B55333832D55,CHRL-Warren Miller,"EH, RW, AC",4/6/2021 15:31,Cruickshank,,,,Revisit gnssd stake still here on arrival ,,CRU_E3S,no,,,,,Cardinal 10 m,W,10,,Depth,,,,342,4/6/2021 15:55,,,,,,,,Excellent,,,,,,,
56535521,2021-04-12 10:15:23 -07:00,iPad_F38B7DE9-9E96-46F1-8A21-B55333832D55,CHRL-Warren Miller,"EH, RW, AC",4/6/2021 15:31,Cruickshank,,,,Revisit gnssd stake still here on arrival ,,CRU_E3S,no,,,,,Cardinal 10 m,S,10,,Density,3480,yes,1a,325,4/6/2021 15:56,312,,4180,700,96,50.519,,,,,,,,,
56535521,2021-04-12 10:15:23 -07:00,iPad_F38B7DE9-9E96-46F1-8A21-B55333832D55,CHRL-Warren Miller,"EH, RW, AC",4/6/2021 15:31,Cruickshank,,,,Revisit gnssd stake still here on arrival ,,CRU_E3S,no,,,,,Cardinal 10 m,W,7.5,,Depth,,,,349,4/6/2021 15:57,,,,,,,,Excellent,,,,,,,
56535521,2021-04-12 10:15:23 -07:00,iPad_F38B7DE9-9E96-46F1-8A21-B55333832D55,CHRL-Warren Miller,"EH, RW, AC",4/6/2021 15:31,Cruickshank,,,,Revisit gnssd stake still here on arrival ,,CRU_E3S,no,,,,,Cardinal 10 m,W,5,,Depth,,,,319,4/6/2021 15:57,,,,,,,,Excellent,,,,,,,
56535521,2021-04-12 10:15:23 -07:00,iPad_F38B7DE9-9E96-46F1-8A21-B55333832D55,CHRL-Warren Miller,"EH, RW, AC",4/6/2021 15:31,Cruickshank,,,,Revisit gnssd stake still here on arrival ,,CRU_E3S,no,,,,,Cardinal 10 m,W,2.5,,Depth,,,,304,4/6/2021 15:59,,,,,,,,Excellent,Tree well,,,,,,
56535521,2021-04-12 10:15:23 -07:00,iPad_F38B7DE9-9E96-46F1-8A21-B55333832D55,CHRL-Warren Miller,"EH, RW, AC",4/6/2021 15:31,Cruickshank,,,,Revisit gnssd stake still here on arrival ,,CRU_E3S,no,,,,,Cardinal 10 m,S,10,,Density,3480,yes,1b,354,4/6/2021 15:59,50,,3630,150,14.12429379,10.825,,,,,,,,,
56535521,2021-04-12 10:15:23 -07:00,iPad_F38B7DE9-9E96-46F1-8A21-B55333832D55,CHRL-Warren Miller,"EH, RW, AC",4/6/2021 15:31,Cruickshank,,,,Revisit gnssd stake still here on arrival ,,CRU_E3S,no,,,,,Cardinal 10 m,S,10,,Density,3480,yes,1c,381,4/6/2021 16:02,36,,3700,220,9.448818898,15.877,,Excellent,,,,,,,
56535521,2021-04-12 10:15:23 -07:00,iPad_F38B7DE9-9E96-46F1-8A21-B55333832D55,CHRL-Warren Miller,"EH, RW, AC",4/6/2021 15:31,Cruickshank,,,,Revisit gnssd stake still here on arrival ,,CRU_E3S,no,,,,,Cardinal 10 m,E,10,,Density,3480,no,,300,4/6/2021 16:07,274,,4810,1330,91.33333333,95.986,,Excellent,,,,,,,
56535521,2021-04-12 10:15:23 -07:00,iPad_F38B7DE9-9E96-46F1-8A21-B55333832D55,CHRL-Warren Miller,"EH, RW, AC",4/6/2021 15:31,Cruickshank,,,,Revisit gnssd stake still here on arrival ,,CRU_E3S,no,,,,,Cardinal 10 m,W,10,,Density,3480,no,,340,4/6/2021 16:11,335,,5090,1610,98.52941176,116.193,,Excellent,,,,,,,
